anon_instance_id,category,initial_rl_record_count
TRN-000470B715FE3BBB,A,1
TRN-0028BDFFB81852A4,C,1
TRN-004EF7EB2A58BCE2,A,1
TRN-005B2EC41F89680B,B,1
TRN-00609AE00BF09232,C,1
TRN-00718408537EBB93,C,1
TRN-007FF158D422FD8D,C,1
TRN-00ACA74A7941F6FC,C,1
TRN-00B8098A9CE4AEE9,B,1
TRN-00BA5924FDCCE4C7,C,1
TRN-00CEDB01262EA8CE,B,1
TRN-00E4E876B2CC48A9,A,1
TRN-013538F79DC7D105,A,1
TRN-0149504B59C606F3,C,1
TRN-014BE08A6B9A0709,C,1
TRN-01564B7C4CA9DC8C,B,1
TRN-0156DF4FFEA84FC5,C,1
TRN-015CF12182869E6B,A,1
TRN-016EE6F5D42B9F73,B,1
TRN-01710183D9A6C696,C,1
TRN-01758F61A60F2530,C,1
TRN-017CFE2E01527FE9,A,1
TRN-0186A33E9984F437,A,1
TRN-019D0094C9A24CF6,C,1
TRN-01B83BE4940B9409,C,1
TRN-01D424C4172881C6,C,1
TRN-0205DD004932A1B8,A,1
TRN-02497F5F70CDEB8E,B,1
TRN-0250E27DF0AB5F61,A,1
TRN-029E94667FBE2EB2,C,1
TRN-02AB76E7D510B3DB,A,1
TRN-02B4F104D975A6CC,C,1
TRN-0322381F14B3EB2B,B,1
TRN-032E3A6D0AE42E57,B,1
TRN-0342CEB0B1DD7D6D,B,1
TRN-036F6128D1CE9D6B,C,1
TRN-0378B814F24440C5,C,1
TRN-038D79469F6FBF39,C,1
TRN-039B4CC941C6561D,C,1
TRN-03A40B134B795BB5,C,1
TRN-03A6156ADD94FEF6,A,1
TRN-03C0140326CDD64F,B,1
TRN-03D700713A9952AB,C,1
TRN-03FA34A9FF48943E,A,1
TRN-040F485CFDE95B4F,B,1
TRN-04160BD026F9C833,C,1
TRN-04165F8DE05E92ED,C,1
TRN-041EF1FD28720A5E,B,1
TRN-043D6AAE0345E974,B,1
TRN-047904192E013882,A,1
TRN-048F98AE5C342C33,A,1
TRN-04A5380B250B8884,C,1
TRN-04C0C6980086600D,C,1
TRN-04E8B261D741A822,A,1
TRN-04F514C1AA2EE7BE,B,1
TRN-05094B0D1C1F79E7,B,1
TRN-051B77C8B920CFBB,C,1
TRN-0537A5DD06DBF1F3,A,1
TRN-0545A17FDCB4554C,A,1
TRN-05D2B2123B4F00F0,C,1
TRN-05DCE6099C8158CD,C,1
TRN-05F41A152137175D,C,1
TRN-05F4F8AFAC0D75A9,C,1
TRN-060C3C7491D6F43E,C,1
TRN-06118FA13DEB2FC4,B,1
TRN-061D5FA69CECE1E3,C,1
TRN-06223677706F6605,C,1
TRN-065B9866E9E3B336,A,1
TRN-065E9743E2D37BA2,C,1
TRN-0676A3E655B08B1B,C,1
TRN-068704F56077FFD0,C,1
TRN-069B342EB5EBFA78,A,1
TRN-06A29195416183DD,C,1
TRN-06B7E58237457AB4,C,1
TRN-06BFA483A2457002,B,1
TRN-07051A6AD643C7A8,C,1
TRN-070863BCCBBDE47F,C,1
TRN-072AA7E7EDF4EBCC,C,1
TRN-073ECC6103FE5013,C,1
TRN-0750343EB1F5D44F,C,1
TRN-075B647775B7FBA0,C,1
TRN-076AEE618353605C,C,1
TRN-07851DE09074DAE5,A,1
TRN-07C7A0EDF0517A75,C,1
TRN-07CE9A63CABB0E51,B,1
TRN-07CF84199DD2A4B8,A,1
TRN-0805A45895AA6BC0,C,1
TRN-081B06256E404ABB,B,1
TRN-0851A8C7250267EF,C,1
TRN-0875B2723B0EF210,C,1
TRN-088E89A8F4A56323,B,1
TRN-0899755D830DF34C,A,1
TRN-08B5D8CAB6860AAD,C,1
TRN-0917D1733E2F1F42,C,1
TRN-0931040AC4049D75,A,1
TRN-09377B1053F4B9EC,C,1
TRN-09A63CAE8DE48EB1,B,1
TRN-09A965C9196C8C30,C,1
TRN-09B501833185B382,C,1
TRN-09C4B3DB32CA4996,C,1
TRN-09D2F6A663981D43,C,1
TRN-09EB8161DE0475EC,B,1
TRN-0A313803711E2C92,B,1
TRN-0A6311882239466D,A,1
TRN-0A7D17C6E6F730B6,A,1
TRN-0A944D032A6D918F,C,1
TRN-0A98C3CFE7BEF32B,B,1
TRN-0AABA3A201BCB0E5,B,1
TRN-0AAC118DC1F0AA08,C,1
TRN-0AB34BA9C0AB08CC,A,1
TRN-0ABB44EB410F9BE4,B,1
TRN-0AF15DDA819E4703,C,1
TRN-0AFB5D1D3374C07B,C,1
TRN-0B0B720D89F34201,B,1
TRN-0B8FF9EB1C622D0E,B,1
TRN-0B9062E4BE2A288A,A,1
TRN-0B9088C2180EFB7B,C,1
TRN-0BB012A2579CB880,B,1
TRN-0BBC87CA753D8244,C,1
TRN-0BD28B7B581DE959,C,1
TRN-0BDB784F1627ECDE,C,1
TRN-0BDE77367C20FBCD,C,1
TRN-0C1F7EADDC4B2546,C,1
TRN-0C31A9BAEF8E9D14,C,1
TRN-0C344A77F9439644,C,1
TRN-0C5254CC39E94900,A,1
TRN-0C56F488A781077C,C,1
TRN-0C67434751A84FE3,C,1
TRN-0C71AB0A2612E503,C,1
TRN-0CB3F34202D600C7,C,1
TRN-0CED7243A1D46BDB,B,1
TRN-0CFF5D2A5ACAA7D4,A,1
TRN-0D190D2C6F79AA91,C,1
TRN-0D1A872C0D3A411C,C,1
TRN-0D1BC7D342B84EC6,C,1
TRN-0D1F2F8EE67A36EE,C,1
TRN-0D3B777FC342E6D0,C,1
TRN-0D3CA0438F8875BD,C,1
TRN-0D4CFA757373C79D,C,1
TRN-0D59940EC8DC3EDD,C,1
TRN-0DEFACB9D437EC5E,B,1
TRN-0E34D137BB8E2386,C,1
TRN-0E503D26E33C8DD3,C,1
TRN-0E8715DB9CB374C4,C,1
TRN-0E98898FA3053800,C,1
TRN-0EDA5E9E810A70A4,B,1
TRN-0EE4BF1185DF1CD6,C,1
TRN-0EEAB24362E89292,A,1
TRN-0EF24C39B33FD30D,A,1
TRN-0F0CC2CE7CB3F821,A,1
TRN-0F0F17499DF0F513,C,1
TRN-0F2973D73D81CB45,C,1
TRN-0F4482E7CC8E52B8,C,1
TRN-0F46C559D7CC748B,A,1
TRN-0F7D4B35EBC8A7AC,C,1
TRN-0F844742DD1BAE64,C,1
TRN-0FA1363721F26E70,C,1
TRN-0FC8D0F8F2CE0BEE,B,1
TRN-0FDB9C7E9FEFF192,B,1
TRN-1017D1840E8B652E,C,1
TRN-101EB3CF1474F6A9,C,1
TRN-102247B14BD0505B,B,1
TRN-10309C8F15C4C9B6,C,1
TRN-1059D3C309E7582A,A,1
TRN-106E2DD044E0F28A,B,1
TRN-10860A3C056D4F26,C,1
TRN-1093295C1D194649,B,1
TRN-10A03C174AD64769,A,1
TRN-10CF14E7DBC8C243,C,1
TRN-10D84CC3567722A3,C,1
TRN-11035CB6A670BA9F,C,1
TRN-111626B6F62AFDD9,B,1
TRN-111E03803BECEF8E,C,1
TRN-1120B3C98B9E4953,C,1
TRN-1152D0F7365C02F1,C,1
TRN-115BC482BA5DDDCC,B,1
TRN-1160ECFC51A79ABF,B,1
TRN-1174F8855C631339,B,1
TRN-119D311037A23643,C,1
TRN-11B32446569FE25C,C,1
TRN-11B968B98D5B604C,C,1
TRN-11C32B5FBB182E8F,C,1
TRN-11E589CCB05725CB,A,1
TRN-11EF44801D7FAA48,B,1
TRN-1204F7D38F44B51E,B,1
TRN-123D7F27F302B653,B,1
TRN-123E2F5A3717558F,C,1
TRN-1249DF41837AE6CE,C,1
TRN-125C866CE00525F4,C,1
TRN-126A63EAD42BB71B,A,1
TRN-126D85ACA7B9C9CD,C,1
TRN-126E9D1A9D5ACBBC,C,1
TRN-1281D3158BB1A51E,C,1
TRN-128CCDA984627651,C,1
TRN-129BFCEC6FDD8E08,C,1
TRN-12CE96685E1CD76F,C,1
TRN-12E63A7FFAC6D33B,C,1
TRN-12EE6C93AB6C1330,C,1
TRN-133F1F3C1915506D,C,1
TRN-1351690F083B8001,B,1
TRN-137E1FB618DF9398,C,1
TRN-1391D7404BAE3934,B,1
TRN-13B2430867F02D56,C,1
TRN-13B413B02526BB6F,C,1
TRN-13B5838CC6778631,C,1
TRN-13F5B14AFE4378D9,C,1
TRN-141C1BB26CC28E75,A,1
TRN-145D128153C8CB10,A,1
TRN-148443C23274E13D,C,1
TRN-1499BEE9F1187314,A,1
TRN-14A6B1B9F6FCF38A,C,1
TRN-14AB9BCABD516FC9,B,1
TRN-14BAA67EC2894327,C,1
TRN-14C88818C8533FE7,A,1
TRN-14D0320F8946D4D0,C,1
TRN-14DBF901E04D575A,A,1
TRN-14E7604B1E48316B,A,1
TRN-14F20B4E1FAF6819,A,1
TRN-1546676887A65165,C,1
TRN-154E40EB1B9051B2,C,1
TRN-155E76DFA395F72C,C,1
TRN-1563E214450FA380,C,1
TRN-158004DE7E1CA3AC,A,1
TRN-158F46491727C007,B,1
TRN-159369C8989C4ACE,C,2
TRN-15B138E54513A8D7,C,1
TRN-15D89BE3BA663673,A,1
TRN-15EA0ABD6C18717E,C,1
TRN-162328DF6313DD8D,B,1
TRN-16314D2BBFBE8CEC,C,1
TRN-16576F820AED6D6A,C,1
TRN-16A669F4CC64AF57,C,1
TRN-16AD3565D424C15D,C,1
TRN-16DEBD756FF9CF71,A,1
TRN-16F51231020ECEF0,C,1
TRN-17183D54BCD41B7F,C,1
TRN-1730199DB5C161F9,C,1
TRN-17337422C1B6E665,C,1
TRN-1770CA321E85BB13,B,1
TRN-17781E9DACD4F275,C,1
TRN-1782297FAE4525DD,C,1
TRN-178E68CBB972D903,C,1
TRN-1797B9C92C44D2E7,C,1
TRN-17A4F9268BF0F261,B,1
TRN-17A787666F326A93,C,1
TRN-182346FB9AB05EA0,C,1
TRN-1832F6344E6909C8,C,1
TRN-1839BB9CF31B9435,C,1
TRN-1841FCB77C14042D,C,1
TRN-184FBF3262F11E46,C,1
TRN-1856A79B23878148,C,1
TRN-1875C07E211E32AF,B,1
TRN-1877FD3E1F4047B1,A,1
TRN-189DF6EB5FEDBA7F,C,1
TRN-18DF01D17EB789A1,C,1
TRN-18E0E1A0137BAEC5,C,1
TRN-18EE895DE8A522E0,C,1
TRN-190AA14AAF5FD0E7,B,1
TRN-1916B31E442EFDDD,C,1
TRN-195B88BF4CF8EED9,C,1
TRN-195EAA5B78BD0BD7,B,1
TRN-19789970275ECD26,C,1
TRN-19B2F6CE13FB10CC,C,1
TRN-19C3104FEAF76C38,C,1
TRN-19DD2F6E4EE12C95,B,1
TRN-1A3ACFAFD1E36686,C,1
TRN-1A4CCBA95886AD24,A,1
TRN-1AAD19BB1A5857B9,C,1
TRN-1AB09B6EB29F5DEF,B,1
TRN-1ABAA35A312CFC97,C,1
TRN-1AC981DD6E28E1BC,A,1
TRN-1B00DF1DC6E577D8,B,1
TRN-1B07826C05B27A13,C,1
TRN-1B08EFC650D57650,C,1
TRN-1B0D1DA8E42416E2,B,1
TRN-1B17154315442681,C,1
TRN-1B2B86CA31A64E97,C,1
TRN-1B2EAB02B7D4B637,C,1
TRN-1B3D8EB36BEE4AB4,C,1
TRN-1B3DCEA8E6663E44,A,1
TRN-1B50829715A076C3,B,1
TRN-1B541A3B2E81C5D3,A,1
TRN-1B72A11A7D2D3F6E,C,1
TRN-1B80E08F3FE6F83C,A,1
TRN-1B87B4984A37F670,C,1
TRN-1BDFEE838E4F2DA9,C,1
TRN-1C0DC884119B61BA,C,1
TRN-1C11E6419360D0FE,C,1
TRN-1C27BBBF62B01363,C,1
TRN-1C40F5F1BE7DC405,C,1
TRN-1C702B5512F7FAA5,C,1
TRN-1C8B1163D8759078,C,1
TRN-1C8FFE8BC5674F78,A,1
TRN-1C9F9326241B169A,C,1
TRN-1CB34F9AFB2BC6AC,C,1
TRN-1D3FE50573EBA6A2,C,1
TRN-1D7ABD5AFC8BC8A3,A,1
TRN-1D8ED87FC03F8031,B,1
TRN-1DD6D6941AFEA89F,C,1
TRN-1DD9FA8E431F4928,B,1
TRN-1DF47BDF644E8D3A,C,1
TRN-1E062D458663D212,B,1
TRN-1E48B1DE996A67BB,B,1
TRN-1E4BA474AA91C168,C,1
TRN-1E4F1BE45155B8A8,C,1
TRN-1E6196F97C387D07,A,1
TRN-1E7E2F552BFC4A8A,C,1
TRN-1E8D635B3C4DC62C,C,1
TRN-1E8FA20195040964,C,1
TRN-1EA1763299F1FA49,B,1
TRN-1EA30C4382EEA151,C,1
TRN-1EA8275B7F253B5C,C,1
TRN-1EA82C3595530FE2,C,1
TRN-1EB090E17B720963,A,1
TRN-1EBB70275777C11E,C,1
TRN-1EBE198514B0C329,C,1
TRN-1ECDBABD095340C1,A,1
TRN-1EF221714CF88754,C,1
TRN-1EF6E85FDD66606D,A,1
TRN-1F1F399B2C65AC9A,A,1
TRN-1F5BE0AF79E59639,A,1
TRN-1F5BEE6E122E748F,C,1
TRN-1FF37F8A2E8CDB6F,C,1
TRN-201EFF58DBD210B7,A,1
TRN-2031B8ADA3954970,C,1
TRN-2070522276D8FEF5,C,1
TRN-2070BCED0F5A8AC3,C,1
TRN-207681A55ABE87CE,C,1
TRN-20925F4FAEA079B1,B,1
TRN-20AD8C3F40C6D4B5,C,1
TRN-20C612DCA7D03A9D,C,1
TRN-20C9E81ED36D04C6,B,1
TRN-20E8FF0E5B65D890,A,1
TRN-21195DF8C0C1FC47,C,1
TRN-214D6E0AF9A67AFE,B,1
TRN-216651349F274002,C,1
TRN-218A9612006BDBE4,C,1
TRN-21A69286AC98B453,C,1
TRN-21FF51706FC59F52,C,1
TRN-2201171670D0E79D,C,1
TRN-22014EF936F0D889,C,1
TRN-22159B32AD16D41E,B,1
TRN-22285F9A1370AA6C,C,1
TRN-222C70E711B8C061,B,1
TRN-2240BF09EF66D3AB,A,1
TRN-2245F5479ADFF48A,B,1
TRN-2257D1FD71B0AF37,C,1
TRN-225F84879E74B746,B,1
TRN-226BAD5D5F6ABB6E,C,1
TRN-2274AB20147A2D91,C,1
TRN-2286B985DE0F1547,A,1
TRN-22C006EDB9EFA248,A,1
TRN-233ED8A618B2DCB8,C,1
TRN-2340C335E04C0A57,B,1
TRN-234BDE137C084205,B,1
TRN-23602E3E2F6493B2,C,1
TRN-2381D51A914ED3FC,A,1
TRN-238AAC03225D18FE,C,1
TRN-23A3276AE34357E7,C,1
TRN-23A9994B58562BD8,B,1
TRN-23AD702003B5AAA2,A,1
TRN-241E1D33E2BCEB89,C,1
TRN-244304E33DCD804C,A,1
TRN-2449ABA6FEE0AD30,B,1
TRN-244E11737D9B24CF,A,1
TRN-24726D7B2F26F253,A,1
TRN-2495235CA402A503,B,1
TRN-249C9534076F1560,A,1
TRN-24A5C7F4EB3ADC2E,A,1
TRN-24AAB8E32915E168,C,1
TRN-24C8A71B38DDF1B5,A,1
TRN-24D3B9BE4F1C8160,C,1
TRN-24DB5C8994E97B0A,B,1
TRN-25114C633BEB93D5,A,1
TRN-25427B7CE64A87D0,B,1
TRN-25629FAC64145A0D,C,1
TRN-2572C6F2C426912F,C,1
TRN-258B4451F1F72BDD,C,1
TRN-25A3B9D42D68EEBD,C,1
TRN-25D6081797DA18CB,C,1
TRN-25E03A6A8D30C3F0,B,1
TRN-25F22772A3871DB2,C,1
TRN-25F47AD91189D3EC,C,1
TRN-25F5E2DDA1371AA2,A,1
TRN-26047A7AFAC2455D,C,1
TRN-2606FD9F7208E65F,B,1
TRN-260E91DE26D3D311,C,1
TRN-2617535DCFFE1810,C,1
TRN-261BF8BE1CF05169,A,1
TRN-26280288D8D4CAA9,C,1
TRN-2629B62C244D6FB5,B,1
TRN-265731114D0E6BDF,C,1
TRN-266913FFCAA1B48D,C,1
TRN-268FE26505E85AA0,C,1
TRN-269F4AF6341FD8EF,A,1
TRN-26A5017D8C53DBAB,C,1
TRN-26B4141431C14238,C,1
TRN-26D6B89B743F6E80,C,1
TRN-26D89C787775A532,A,1
TRN-26EDCF5F9E369D98,C,1
TRN-275E15B41BF210B0,C,1
TRN-27602C9A121C0363,C,1
TRN-27783F06CDAA7C43,A,1
TRN-279D842009A262D9,C,1
TRN-27BBA37CC608A665,B,1
TRN-27BFBF3946606437,C,1
TRN-27D125019698B4AA,C,1
TRN-281D48D1DB819EDB,A,1
TRN-28345C76E81DD9CA,C,1
TRN-283AE1CDABA5B8C2,B,1
TRN-284B9D662BC1E176,A,1
TRN-2856717292C1073C,C,1
TRN-2866913FCB978C16,B,1
TRN-28674004999A9A79,C,1
TRN-289FC662F27BEDA0,C,1
TRN-28A5693619C5BE4B,A,1
TRN-28B7EAC536BBF8E2,C,1
TRN-2929E6BE4002D4ED,C,1
TRN-29421BA843847558,C,1
TRN-29788E86081EDB28,C,1
TRN-29CFC25137AFE473,B,1
TRN-29D8AFC7AD64EADE,C,1
TRN-29E87D508A470842,C,1
TRN-29FDA14377880CB1,A,1
TRN-2A003099702131DC,A,1
TRN-2A03E1CD11615F2D,B,1
TRN-2A1A5B00DAE56878,B,1
TRN-2A3006EE75435E66,B,1
TRN-2A409A4018F50148,C,1
TRN-2A4B95A0BF5A12F7,C,1
TRN-2A519A49ED4E5285,A,1
TRN-2A5802C13E525722,B,1
TRN-2A6954C03396A53B,A,1
TRN-2A6BC1D7512DE704,C,1
TRN-2A828B33494B51FF,C,1
TRN-2A95EA48772B91BD,C,1
TRN-2AB1E31972BB75FA,C,1
TRN-2AF5747BDB487921,C,1
TRN-2B061BF4802CBE46,C,1
TRN-2B0D9B2769395ED0,C,1
TRN-2B3C9E653F8D4102,C,1
TRN-2B4614762B80CA0E,C,1
TRN-2B4B99F0C8E9235B,C,1
TRN-2B5F2E78D1247128,C,1
TRN-2B7FA6C19C6F842E,C,1
TRN-2B8B15D19BD9C97D,B,1
TRN-2B97461DBC1C600B,A,1
TRN-2B982023F4AE79D2,A,1
TRN-2BFB321BCA845E01,C,1
TRN-2C55847CD521080D,C,1
TRN-2CA8A05D43F9FAE0,C,1
TRN-2CB5F70BD5024E7B,C,1
TRN-2CB97BF0A78D7138,A,1
TRN-2CC503BBD7B96FD6,A,1
TRN-2D28F0C51E879CE5,A,1
TRN-2D36747443EF0845,C,1
TRN-2D435ADEDE2C70F2,C,1
TRN-2D4D27B7D2774217,B,1
TRN-2D50D9C9DD40294F,C,1
TRN-2D534FB548F7C581,A,1
TRN-2D74C11F6556B4AE,C,1
TRN-2D93706ABFB1ECFC,C,1
TRN-2D970A7A9A503060,A,1
TRN-2DB3E560A59A9C60,B,1
TRN-2DC62F578FB67AD3,C,1
TRN-2E089A32ADA02A88,A,1
TRN-2E39908090393B05,C,1
TRN-2E3DD4D945D3ABD4,C,1
TRN-2E4A259852E07BB4,C,1
TRN-2E60037F5EEAA8B5,B,1
TRN-2E62C10D14BFA947,C,1
TRN-2E8B0930E6ACD36F,C,1
TRN-2EDBF23AE830ADDA,C,1
TRN-2F03B523DA233C1A,A,1
TRN-2F14F31693F52D97,A,1
TRN-2F1CFE2B2993D936,C,1
TRN-2F35EC4D9A97330B,A,1
TRN-2F36AC62763E724B,C,1
TRN-2F9786AD1FBFD5FD,A,1
TRN-2FB99F168A3EFCD6,C,1
TRN-2FCCA9C1ED0F1F4E,B,1
TRN-30251699B579C1D0,C,1
TRN-302FE3094031970C,C,1
TRN-3032D7390A0D6700,C,1
TRN-30463AA784C65FF6,B,1
TRN-306D51611F97D8F6,A,1
TRN-3080693B7626093D,C,1
TRN-3081B4FACDF01576,C,1
TRN-309DEA73A7BEF2EA,B,1
TRN-30A72C1C6A7AD63E,B,1
TRN-30BC103C11BC9B91,A,1
TRN-30BCCB28E7F78277,C,1
TRN-30C3C7913036A1A8,C,1
TRN-30D0E87B64BD1662,A,1
TRN-30D7D306F6B25E51,C,1
TRN-30F0B2CBB0E620F9,C,1
TRN-310D5A7819B06FFE,C,1
TRN-313B881695FA14F8,B,1
TRN-3152676F820705F1,C,1
TRN-31527E85B2DABBF2,A,1
TRN-317A220864523E19,C,1
TRN-31D951385097101F,A,1
TRN-32109B9E82D45C8C,C,1
TRN-32276E506E56E286,B,1
TRN-3232DF694F94DC5C,C,1
TRN-3233AE284686843A,C,1
TRN-325C4377EEF68A21,A,1
TRN-325FB0F392E6D51F,B,1
TRN-32D76F2B130543A8,C,1
TRN-330810C5D45AB9D2,A,1
TRN-33087060E3BC9A2E,C,1
TRN-3312042D873F846B,A,1
TRN-3313193DA515ED56,A,1
TRN-332070BE625944E7,A,1
TRN-3353EFE69F2C370D,A,1
TRN-335C8CF59E16871A,A,1
TRN-33662E6CD9D14624,C,1
TRN-338F4C7E926EFD49,C,1
TRN-33A879EC30E4B401,A,1
TRN-33B66E9F49555DA4,C,1
TRN-33BCD757DAA6D29B,B,1
TRN-33BF0D7CED2D275B,C,1
TRN-33DEBAB4296A28A4,C,1
TRN-33E983B672DCD72B,A,1
TRN-341A476B7104C4B6,C,1
TRN-342385B3245E1394,C,1
TRN-346E57E08997C9B7,C,1
TRN-349B78041165F5A9,C,1
TRN-34A9BFECAC96D253,B,1
TRN-34ADFE99B4CA52B9,B,1
TRN-34BC1499DBB97567,C,1
TRN-34BD9143B1B08033,C,1
TRN-34BEC79B61F8C1F8,A,1
TRN-34C943432F84B6E3,A,1
TRN-34D9B1E0CE8AA379,A,1
TRN-34E2B6DBDB7FF9E3,B,1
TRN-34FF4ECD6D09D45C,C,1
TRN-350828417A66BADA,C,1
TRN-35204140A221ABB0,A,1
TRN-353FDFE6D246CFCF,A,1
TRN-358EB7EAC6EB76FF,B,1
TRN-35998C8B627C10B1,C,1
TRN-35EB58372181B02B,C,1
TRN-35EEB80E4314EDD2,B,1
TRN-36170068D0203AF1,C,1
TRN-36221B7BEC9C2C34,A,1
TRN-3623EF94F1EDC173,A,1
TRN-363443861BDE815F,A,1
TRN-363ACD8957E1B673,A,1
TRN-3674CE4E04FA705D,C,1
TRN-368412DFE9BD0B4A,C,1
TRN-36BA6FE662F44DEF,C,1
TRN-36D55BB367522E3A,A,1
TRN-36EFD3C5F011A8CC,A,1
TRN-36FFFAA3D9FDFC7D,C,1
TRN-370510E7B12A577C,C,1
TRN-373B762ED3BA8AD1,C,1
TRN-3747C53E3FAC9BF4,C,1
TRN-3754D1F1E1BF32EA,C,1
TRN-377097C10D3398E8,A,1
TRN-3771B5228E454EAC,C,1
TRN-3797FA8BA25276B0,C,1
TRN-379F936547F0046F,C,1
TRN-37A6E0BACEC22531,C,1
TRN-37B65D327A627591,B,1
TRN-37BFAEF492D54652,A,1
TRN-37DC360E3B9A5990,C,1
TRN-3809824FBCFF5B90,C,1
TRN-381E531F9C9E0C2D,A,1
TRN-3831829205A7E1AB,C,1
TRN-384FD4F6CF526341,C,1
TRN-385D6555F0A58987,C,1
TRN-387717FB2132D26B,A,1
TRN-38816213364B0EAA,C,1
TRN-389DBB76D5D20112,C,1
TRN-38B7A8ED83D2743F,C,1
TRN-38D56EA721DB7E94,B,1
TRN-390C200A428ADD3E,B,1
TRN-391E81CD51BBBE12,B,1
TRN-393D9E09D093D2DD,C,1
TRN-395FF07F745C5C44,C,1
TRN-3969BA7C0C3110C4,C,1
TRN-3975EDCD503E1237,C,1
TRN-39924DE32C4372F8,C,1
TRN-39C85774148D8C52,C,1
TRN-39DF5CB03E9E5B00,C,1
TRN-39DF9875526C28AF,C,1
TRN-39E0FE8CAE8E8264,C,1
TRN-39E9055F8B3A0060,C,1
TRN-39E9A9D411064687,C,1
TRN-3A15685AAEA152CF,C,1
TRN-3A1B54CB4307FC83,C,1
TRN-3A50D961982854D9,C,1
TRN-3A6E768847347A2A,B,1
TRN-3A772F47452A6FAD,C,1
TRN-3A7B6421891414F6,C,1
TRN-3A84A15C4714103B,B,1
TRN-3A97C2AA76BCDA42,A,1
TRN-3A9D41BC3EF50A5F,A,1
TRN-3AA7A668E741C859,B,1
TRN-3ABF597F529161DE,C,1
TRN-3AE5A5A8F97FB4E7,C,1
TRN-3B2AE34B2E8AD65C,C,1
TRN-3B3E2E9832F75B1E,C,1
TRN-3B692A8025951E76,C,1
TRN-3B81147E4D5FC3A3,A,1
TRN-3B858BB0BC0C4F18,A,1
TRN-3BB6F1122516027B,C,1
TRN-3BBA5FA62E9324DB,A,1
TRN-3BBC67E9785651FB,B,1
TRN-3BD94B266D78B7D8,C,1
TRN-3BF5B891407C52FB,C,1
TRN-3C0C4991F9EEDF67,C,1
TRN-3C0F1A1C1695AB68,A,1
TRN-3C493E37721B5EE5,C,1
TRN-3C63B9524C79122E,A,1
TRN-3C64970696B305C0,A,1
TRN-3C6A3829EC03882B,A,1
TRN-3C733FE5DBDF1849,C,1
TRN-3C9915FD4873F58E,C,1
TRN-3CF5E8E69A8BFADD,B,1
TRN-3CFAE000B4BEF89B,A,1
TRN-3D0579BADDA4DB16,A,1
TRN-3D12529DA7F5935A,C,1
TRN-3D2923D695A00B4E,C,1
TRN-3D2DE2D798AC1BB1,C,1
TRN-3D3551211D5C6B59,C,1
TRN-3D4DDE0588642DA3,C,1
TRN-3D50AB6D3600887B,B,1
TRN-3D599F36D245B844,A,1
TRN-3D6F7C4C5EDDD168,C,1
TRN-3D8696DE5029332B,C,1
TRN-3DBAA63F01B66CB4,C,1
TRN-3DED2EB3C532B914,C,1
TRN-3DF4DABEF63BF33C,A,1
TRN-3E033B2BBC7D4E36,A,1
TRN-3E17D0EAA132F410,C,1
TRN-3E2706F14686F5EE,C,1
TRN-3E280F72E78A95BD,C,1
TRN-3E321FEF84B14FB9,B,1
TRN-3E33D34FEE9CF709,C,1
TRN-3E42A207B8CEA640,C,1
TRN-3E4385868968FDB7,C,1
TRN-3E5C6EB2CC825D66,A,1
TRN-3E7524E66FF9DEC3,A,1
TRN-3E90001672DBA6ED,C,1
TRN-3EC8DD94CB72AA89,B,1
TRN-3EDB74A7AA3B9BF2,C,1
TRN-3EFBC2321692E1AC,C,1
TRN-3F08917CB82E0527,C,1
TRN-3F0E1D72DF2E873B,A,1
TRN-3F14051A4E27F4D9,B,1
TRN-3F5998E87E4AAC44,C,1
TRN-3F883D1FE2AA1823,A,1
TRN-3FB4D6C0E2C4EAF4,A,1
TRN-3FB641583E1B1F1A,C,1
TRN-3FC66525F2E45E78,C,1
TRN-3FFBF4BED7991A6C,C,1
TRN-402648E54CE1E862,B,1
TRN-405371E4F1116A42,C,1
TRN-40705F5E1C47B50C,B,1
TRN-4075F13F5293DFA8,C,1
TRN-407B20D722D0A488,C,1
TRN-409152C69F48AC8B,B,1
TRN-40A598E9C0EB1A3A,C,1
TRN-40BA1904A2E11B3E,C,1
TRN-40C0BCB71889DE7D,C,1
TRN-40CAFB2C8E574FD1,C,1
TRN-40D21FE28233A007,C,1
TRN-41118EFF99D4B189,C,1
TRN-4127B5B2BE00B680,C,1
TRN-4131A695CFF4697F,B,1
TRN-413C86C984315058,C,1
TRN-414C03CB9F8520D1,C,1
TRN-4150C1EAC40BE77A,C,1
TRN-417F9AD27A357E63,C,1
TRN-419990AD31486C91,C,1
TRN-419FC1E7933C6A24,A,1
TRN-41CC5B13DF102FC5,C,1
TRN-41E8D1959C002EF2,B,1
TRN-421959DCAD6A1E69,C,1
TRN-427A8BE1A3D8C468,B,1
TRN-428E0702EB0B7A5B,C,1
TRN-42AA7ED5D59DBBD0,B,1
TRN-42B4B187E5BE19BA,B,1
TRN-42C546BA037361CA,C,1
TRN-42D5AE72A1EF29F8,C,1
TRN-42DC71B3FF4E34A2,C,1
TRN-42EFDE4D90D30B6F,A,1
TRN-4325DED72BA2432C,A,1
TRN-432B705558387E2E,C,1
TRN-432C3DCC8085DA1F,C,1
TRN-432CAA6A10639A27,C,1
TRN-434E154D822BF1D6,C,1
TRN-437271DE12B2DE05,A,1
TRN-43860F4317A50399,A,1
TRN-43910A01B497A9C9,C,1
TRN-43A3489546D08E7A,A,1
TRN-43C455BC4AB02975,A,1
TRN-43D92ACB1660D6E2,A,1
TRN-43F8AFB4C8FBB0DC,B,1
TRN-44196D2C657E606C,C,1
TRN-44444E8E02AD6E3A,A,1
TRN-44725D5E3D1CEC41,A,1
TRN-44A33FAF847990E1,A,1
TRN-44DE5FF7A88DD5C4,C,1
TRN-44F154A7841967E4,A,1
TRN-45192E70F65E1120,A,1
TRN-453072C91AD45116,B,1
TRN-453DF0B0B784EA05,B,1
TRN-453EBC07D51894BC,C,1
TRN-4546FC044661EC13,C,1
TRN-4558521C5FD7C145,C,1
TRN-4565828DF85B86F3,C,1
TRN-45805A02BC45EAAF,C,1
TRN-45C5810AE3D2FF9E,C,1
TRN-45D64110096836EE,C,1
TRN-45DF7DB7049FE3B7,B,1
TRN-45E6AB0A9E5DFE3A,C,1
TRN-45EB39CF307E9AF0,B,1
TRN-45F4BC9AB388EE27,A,1
TRN-461FDFEC3D08785B,C,1
TRN-4624F7E540366C47,A,1
TRN-462E0871654D8E79,A,1
TRN-4642F13C20134FA3,B,1
TRN-4652FF5D616F28E2,C,1
TRN-466BB9D8C198A9BB,A,1
TRN-468AE4AB3B769291,C,1
TRN-46A197B52805BAF2,C,1
TRN-46AAD94CD990B5CE,C,1
TRN-46ADFFA9AB32E624,A,1
TRN-46B3798B1CF7CC1C,C,1
TRN-46C18B57A3C6FEDC,C,1
TRN-46F63082D3D21C9A,C,1
TRN-47024C71B9D6C765,C,1
TRN-47362936D9C0D766,B,1
TRN-47638725E89CEC2F,C,1
TRN-4773EEC432B4687C,B,1
TRN-47853C989A4A2672,C,1
TRN-47965EB1A171A322,C,1
TRN-47CBE510E46518DD,C,1
TRN-47D057257B51EC56,A,1
TRN-47D746A47D6EDDB9,A,1
TRN-47DA52A14E8FA658,C,1
TRN-47DB03903303FB54,C,1
TRN-485BB43569C29F57,C,1
TRN-486248BA2DEAD918,B,1
TRN-48A0399C58DC7951,A,1
TRN-48AA0490D9DBAC44,C,1
TRN-48AA34281955F5A7,C,1
TRN-48CECCC43C1B9E9D,B,1
TRN-4902D6D34D19D1B0,C,1
TRN-4915D9150BD833DB,C,1
TRN-495D2E988A7EAAC9,C,1
TRN-495F999080DBB85D,B,1
TRN-496B5677AFF6DA48,B,1
TRN-49A6A7C85BED30BF,B,1
TRN-49B0087C76103DFF,B,1
TRN-49C69412D34D51F1,C,1
TRN-49DC81F993C6A74D,B,1
TRN-4A0B7855120FDBF0,C,1
TRN-4A150AEC8BEA7BCA,C,1
TRN-4A2424EE06764719,C,1
TRN-4A2BC27162050F3C,C,1
TRN-4A59E49E3A806F0B,C,1
TRN-4A5AF906C763065B,A,1
TRN-4A657A949D8AFD34,C,1
TRN-4A733FDD63CF8548,A,1
TRN-4A82A04CEAB1C52A,C,1
TRN-4A9135581C9546C1,C,1
TRN-4A9811E3D34C16C3,C,1
TRN-4AA3095887EDD5E8,C,1
TRN-4AA64EDCFA385B90,C,1
TRN-4AB8BDEE8557195D,C,1
TRN-4ABE6D271D5B454E,B,1
TRN-4AC0CC3BD38A3E6E,C,1
TRN-4AC88586D82CEDEB,B,1
TRN-4ADCF0687F42F59A,C,1
TRN-4B34528DE6C021C7,B,1
TRN-4B382785B98168DC,C,1
TRN-4B4D1D8A55CE530B,C,1
TRN-4B53C2790E84B7A3,C,1
TRN-4B62538C9A471848,B,1
TRN-4B7369F9EF3D04AA,C,1
TRN-4B7DBA95302F01C0,C,1
TRN-4B8E02C12D10CEA8,C,1
TRN-4B9500176BDCE72A,C,1
TRN-4B9B12D68EE8011F,C,1
TRN-4B9DCC1879851B47,C,1
TRN-4BAFAAB7316C6E83,C,1
TRN-4BF7C370EE8DC7AD,A,1
TRN-4C211F2212B17B53,C,1
TRN-4C31B4C64E00E1C1,C,1
TRN-4C406CEA37A4EFB3,C,1
TRN-4CBF62C2794CEA00,B,1
TRN-4CD568B85BCAA3C3,C,1
TRN-4CD80D6EC14C65D4,C,1
TRN-4D08EC403CA1F4DC,C,1
TRN-4D099DB65225CE68,C,1
TRN-4D234FEB987F2413,B,1
TRN-4D3DD25E8E38BC8C,C,1
TRN-4D56B5972084E635,C,1
TRN-4DA4FEDA516D5E00,C,1
TRN-4DB52D62A20405AF,A,1
TRN-4DB53CCF5B4C9579,C,1
TRN-4DB797206DAB2D50,C,1
TRN-4DDDFCA0100FCA89,A,1
TRN-4DE8DDFD1BDBB283,C,1
TRN-4E1B4F175A08F6C0,C,1
TRN-4E27EE81D566E57C,C,1
TRN-4E289D2B0CC21991,B,1
TRN-4E3E2CDCEFEE357C,A,1
TRN-4E54FD5607DB5076,C,1
TRN-4E676D5D7E932F5D,C,1
TRN-4E75E7A81E0628A7,C,1
TRN-4E7889764642571C,C,1
TRN-4EA09BE5486792D8,C,1
TRN-4EA67432B6F653FB,C,1
TRN-4EA901732289302F,B,1
TRN-4EDE17E3B4D77638,C,1
TRN-4EE0323DD9383A91,C,1
TRN-4F106EA6AB6CBB38,B,1
TRN-4F1686861AC44437,C,1
TRN-4F1845EE4972DAE6,C,1
TRN-4F413769E9AC2C2F,C,1
TRN-4F560AA4CBD84708,C,1
TRN-4F5F8DA34F88E38F,C,1
TRN-4F7432CE63732524,C,1
TRN-4F84F2ADB68A0B83,C,1
TRN-4F9CB600F74F7312,B,1
TRN-4FA665CD78EAC93E,C,1
TRN-4FBB343ECD89882C,B,1
TRN-4FBDEA60E356AA10,B,1
TRN-4FC474A5C59E5273,B,1
TRN-5010047612266453,C,1
TRN-50245B170134578E,C,1
TRN-50284E679ED29AB0,C,1
TRN-506867E14EB5BD58,C,1
TRN-50701E64CAD88FFB,C,1
TRN-5084412AFECC2D65,A,1
TRN-5089D01376C08A5C,C,1
TRN-509457DB3DC3FE5A,C,1
TRN-509E2F10DCC5A61B,A,1
TRN-50BFDED018A48E6B,C,1
TRN-50C4EE3DFACFDBCD,C,1
TRN-50DFCFF78F47C4E7,C,1
TRN-50F693F547606FB3,C,1
TRN-50FDAD354BE7CDA0,C,1
TRN-50FE4A72C23F3F86,A,1
TRN-50FFA55227CBD027,A,1
TRN-51063D8B35947FC5,A,1
TRN-512FEF63E5C439E4,A,1
TRN-51506C2C2C621B33,A,1
TRN-516F742099E944FC,C,1
TRN-519D3A34A03ACDBB,C,1
TRN-51AD740491DF2B0C,C,1
TRN-51B110DD3813AEAD,C,1
TRN-51DD57DD8980AAF1,A,1
TRN-51E466A388C70C9E,C,1
TRN-520656D21ED526DF,C,1
TRN-52209532020B2A8E,B,1
TRN-5234E7EF97CA46FB,A,1
TRN-5236C8E86CBAB351,C,1
TRN-526C15768767484D,C,1
TRN-526E4197D3959B07,A,1
TRN-528A4D6D39E54A00,C,1
TRN-529BD319C6AB702F,B,1
TRN-52AFE822FB908AF8,C,1
TRN-52FF0296B178890D,C,1
TRN-53038F69DF0E4A53,C,1
TRN-5316502D93C1A5EA,A,1
TRN-533AB42E4F85F7C4,A,1
TRN-536C16B8FBB9061D,C,1
TRN-537354BF8029EE6A,B,1
TRN-538767E99097B153,C,1
TRN-5391D1329ECED335,C,1
TRN-5399E41EF3BF4DF2,A,1
TRN-53A4151B4F494028,C,1
TRN-53C59D76C9A8FD0D,C,1
TRN-53DAADA337576F8A,C,1
TRN-545B4ACCB2D530C9,C,1
TRN-5470D7149F53A430,C,1
TRN-5487CA47DB1BA6C6,A,1
TRN-548BD94AE648DB2E,C,1
TRN-5492BAB4956228A2,B,1
TRN-549881F46D3BECED,C,1
TRN-54A5EE58993ECFCF,C,1
TRN-54B353554B52C2F1,B,1
TRN-54F2AB459ECC35C0,B,1
TRN-54FCAB3B0103E570,C,1
TRN-55078EF5F55EE952,C,1
TRN-5516A1CE332C0080,A,1
TRN-553C94CDDF2C6DD8,B,1
TRN-5540DA5FE6329CD7,C,1
TRN-5559CDE0028BC23C,B,1
TRN-555CE53D09CE9C76,A,1
TRN-555D91AF86F11013,C,1
TRN-557ED1B5027DC8AD,A,1
TRN-5580553DF0EAB200,C,1
TRN-55947DBA66852C1E,A,1
TRN-559E8AA3ABEF0B47,C,1
TRN-55B3258FB22E4C3C,C,1
TRN-55B465BACEDF1729,C,1
TRN-55BD463FE04F95E5,A,1
TRN-55BDED5A5CC3C72D,C,1
TRN-55C24EFCC955A1DF,C,1
TRN-55C4E945D8DAC5FE,B,1
TRN-55F8777006BDB055,B,1
TRN-560EDD43BF060CFE,A,1
TRN-5634E27D1EC99D4A,A,1
TRN-56435A54537EF22A,C,1
TRN-5660084269995B9A,C,1
TRN-5670A5044A648692,A,1
TRN-56837F18579EF4FD,C,1
TRN-56931068386DCD22,C,1
TRN-569D2F130D41BBB9,A,1
TRN-56A56BFF5C53DE59,C,1
TRN-56B20139059736EE,C,1
TRN-575A4D1635801A48,C,1
TRN-57660639FBDEBB60,C,1
TRN-578402F47517531E,C,1
TRN-578E43369DCFEC8E,C,1
TRN-579F8BD1E7E0428F,C,1
TRN-57A81AD0242BD993,C,1
TRN-57AD4525B27FA288,A,1
TRN-57B858F2EB5D4998,C,1
TRN-57C7F7A5E550C5B4,C,1
TRN-57F473042C32D353,B,1
TRN-582B84FF371DD36D,A,1
TRN-58316325BD5616FC,C,1
TRN-583507EE4F30EF32,C,1
TRN-5835F7AA6E46997C,C,1
TRN-58581DEA8E18B33A,C,1
TRN-58600270F31AE8AA,B,1
TRN-586DAB962B71360B,C,1
TRN-58778702A590D183,B,1
TRN-58C41262D4FE143C,C,1
TRN-58D55015CCF1CD70,C,1
TRN-58DD6CC9DFA5EE7A,C,1
TRN-58E619BA80924E58,C,1
TRN-58ED50B434E70E09,A,1
TRN-58ED7E57CC11D0B9,B,1
TRN-58ED8AEE3772EC44,C,1
TRN-58EE240D5E297FBB,C,1
TRN-5918D4F74C8DA9FF,C,1
TRN-594441E797D69594,B,1
TRN-596A2E87A8DEA819,A,1
TRN-5978963EB3ABD45D,B,1
TRN-598CC8BE96874398,B,1
TRN-59B15D7BFB3FD135,C,1
TRN-59BBA8FF646636BD,A,1
TRN-59D059D324CB4B83,C,1
TRN-59E8DA8EB232F373,C,1
TRN-5A012E08739C5042,C,1
TRN-5A28B15AAF8D50A8,C,1
TRN-5A2FB31D5D51EAC4,B,1
TRN-5A33D33F719682C3,C,1
TRN-5A39B58D2065973E,C,1
TRN-5A5AF33211C48FAE,C,1
TRN-5A67E19A88C2B58A,A,1
TRN-5AB4BE0A830DF143,C,1
TRN-5ADC9BBEF0EDA71F,B,1
TRN-5AE05B80DDAD83A5,C,1
TRN-5B04B52E4E15D0BF,C,1
TRN-5B1F8AA40990EE16,A,1
TRN-5B200692BC10AC57,C,1
TRN-5B33A45007B52CC0,C,1
TRN-5B3A27630E24FCFF,A,1
TRN-5B49A5E856A003FA,B,1
TRN-5B5E45AD50874D55,C,1
TRN-5B9A9A328E8CBDA8,A,1
TRN-5BF17F083743163D,B,1
TRN-5BF2D81BAF3D9BFD,C,1
TRN-5C00528904E30B12,C,1
TRN-5C0861529237DF3E,C,1
TRN-5C39828714305DF0,C,1
TRN-5C4DAE83DABA3B2B,C,1
TRN-5C5344EBCA899440,C,1
TRN-5C68EDDC6E0DA5C7,B,1
TRN-5C8D62151068C670,A,1
TRN-5CB6D61104F1DA6D,A,1
TRN-5CF67C89BA2DC870,A,1
TRN-5D03986104EBF3F1,C,1
TRN-5D561C28D1E28E60,C,1
TRN-5D79F5FEC551E598,A,1
TRN-5DBE3C3FC36495AA,C,1
TRN-5DD8BEDC5F0F98F5,C,1
TRN-5DDA197CA515F40D,C,1
TRN-5DDA66FFE9C54A88,C,1
TRN-5DDAADD0B7C2C8D5,A,1
TRN-5DDD6B279462E984,C,1
TRN-5DE7FA78759E6A6C,A,1
TRN-5DED2ECEB3A550E4,B,1
TRN-5E56B847F3179F66,C,1
TRN-5E59E28B1C3BB9CE,C,1
TRN-5E6283BC202DED66,C,1
TRN-5E67CE6BF09CB45B,C,1
TRN-5E8F0DA93C231EC0,C,1
TRN-5E9A1F43EA204C9F,B,1
TRN-5EA2760DC771BB0F,C,1
TRN-5EB2B17AA6ACCA0D,B,1
TRN-5EB9E27966FB1CF3,A,1
TRN-5EE7AF859175C774,C,1
TRN-5FB35194BAC4F1A8,B,1
TRN-5FB3E15519356DB2,A,1
TRN-5FD717A1D643EFCA,A,1
TRN-5FEC7911F92F0D9F,C,1
TRN-5FEE33917FB24005,C,1
TRN-6019F5643DA06001,B,1
TRN-6022292B0A2635A8,C,1
TRN-60381DE91E2F0192,C,1
TRN-603F0B5802CE1B51,C,1
TRN-6042057F25783928,C,1
TRN-604239D692D2E8B2,C,1
TRN-605DE85C1C654B77,A,1
TRN-608BB5393A53D209,B,1
TRN-60B2270D000D42E9,C,1
TRN-60B4DD41D268D758,B,1
TRN-60BA4B6CC73B119D,C,1
TRN-60C2A60652D010F5,C,1
TRN-60DEAFE0C1A0F8AD,C,1
TRN-60E35A500032C427,A,1
TRN-60E627128DB13ADA,A,1
TRN-60E746B3EE44B65F,C,1
TRN-610FAE222E77197B,B,1
TRN-6115E0FF3FDF6633,C,1
TRN-61335761F502A3CB,B,1
TRN-6138B7DA2508AF33,C,1
TRN-615551CCD64F3891,C,1
TRN-61576D67857E3FFD,C,1
TRN-617438F79AE17EB4,C,1
TRN-61869D3EE15AF625,A,1
TRN-618B5065FBE91EDA,A,1
TRN-619D1C7179215890,B,1
TRN-61A5E34FB10C9E49,C,1
TRN-61B72CE4377FD8F4,C,1
TRN-61B8E562C1B8818A,C,1
TRN-61B99789598F9D0E,C,1
TRN-61DDF24B3904E35C,C,1
TRN-61E33DA2389E9004,C,1
TRN-61E8810E9160A7C7,A,1
TRN-61EA73522A12B00F,B,1
TRN-61EE647611FE5FB7,A,1
TRN-621E34941E2FF39A,B,1
TRN-62251A580017CC48,C,1
TRN-6228109C327B37AB,C,1
TRN-622841FB337938DA,C,1
TRN-6246C40B78A0C5D5,C,1
TRN-624E90B6A436ECE5,C,1
TRN-6252B6301F9959A3,B,1
TRN-62A8B2393EBE5D1C,B,1
TRN-62BFAD80F548DE83,C,1
TRN-62CD7A81E2F44F1C,C,1
TRN-62D719D130A03F79,A,1
TRN-6317CFC3845104C6,C,1
TRN-633A00A9BE26A3ED,C,1
TRN-6361D41B103B9197,A,1
TRN-6363F0B34BEDB787,A,1
TRN-637B95CB22E2DEE9,C,1
TRN-6380F41E2AB8582C,C,1
TRN-63A48610E3C69810,C,1
TRN-63BB419F58B2BE4C,C,1
TRN-63CB8F03D3D617F6,C,1
TRN-63DABD1568D76364,C,1
TRN-63E8E0866B1752FA,B,1
TRN-63E92EEA5E2F12AF,B,1
TRN-63FAE6946ECCD491,C,1
TRN-63FE7F30BB171711,C,1
TRN-641D9AA7B28717E9,C,1
TRN-643ED6425DC0BCC4,B,1
TRN-64545695C610111C,A,1
TRN-6461AA6EF5996253,C,1
TRN-6477C1E28D057150,C,1
TRN-6485CB17F711D26F,A,1
TRN-64B73BEAA64F6FBB,C,1
TRN-64E0B4CB6716D088,C,1
TRN-64EAC9A9263E624E,A,1
TRN-64FFC7A2F0C8DD82,B,1
TRN-65241B426375CE78,B,1
TRN-65594F711086EC82,B,1
TRN-656057EDA359DD0A,C,1
TRN-65757554D07F458F,C,1
TRN-6580F088D8CFCBEA,C,1
TRN-659E710199041329,B,1
TRN-659E8FFC70338B8E,C,1
TRN-65DD4414E72A0C69,A,1
TRN-65E567959B89126B,C,1
TRN-65E614AB89AEA481,C,1
TRN-65FE073EEA0154AE,A,1
TRN-65FFE1FDB89ED306,A,1
TRN-6603FC3A35F137BF,C,1
TRN-663A3ADA75CB898E,B,1
TRN-664610F74A4AA0F6,C,1
TRN-665C6AED8B81BBB3,C,1
TRN-6690FA199629FF9C,A,1
TRN-66A4C9D192517DB8,C,1
TRN-66AD9EBB4EC69446,C,1
TRN-66B5C532D7586BA2,B,1
TRN-66C2EFE04836055F,A,1
TRN-66E3A8D8FF09C4A5,C,1
TRN-670008B5ADA5C3CF,C,1
TRN-671A1469C5D1B2D5,B,1
TRN-67414FA2399DD582,B,1
TRN-674C867398AB29C7,C,1
TRN-678AE6B58DA9D0F1,C,1
TRN-6792491473B606ED,A,1
TRN-67B48930DEC4743D,B,1
TRN-67E915519BAAA8BB,C,1
TRN-67F6A0120FDD1564,A,1
TRN-68537895598D477E,C,1
TRN-6870C597DEEFC463,C,1
TRN-6873E9CE077E44EE,B,1
TRN-687A3CD29B63683E,A,1
TRN-6885522589BE6F40,A,1
TRN-68BCF67E4ABF8A5D,C,1
TRN-68D62F6467571EC5,C,1
TRN-68EA183B71B509C8,A,1
TRN-68EA7A801C26D8B3,C,1
TRN-696530281FB442D8,C,1
TRN-696B4832C7176A17,A,1
TRN-6970598C13E4E3FE,A,1
TRN-69707E3DE33CC455,A,1
TRN-69F75655E6C6D713,C,1
TRN-6A271F2DDA95381D,A,1
TRN-6A2D797DC0CF54CA,A,1
TRN-6A33F382A6BED8DE,A,1
TRN-6A46C849D9D95637,C,1
TRN-6A5FA8EC10C2AC99,C,1
TRN-6A85C834D3F033A7,C,1
TRN-6AAE84984D6EF2CE,A,1
TRN-6ACB8BB958ED6D15,B,1
TRN-6ACDF7F711E60A25,A,1
TRN-6AEE3E628BB9A196,C,1
TRN-6AFAAB9FC0A2A8F4,C,1
TRN-6B079739E11258E2,B,1
TRN-6B0EB872015DBE5C,C,1
TRN-6B11ED56C9FA1317,C,1
TRN-6B1D973E15D5202B,C,1
TRN-6B32262B829F96C0,C,1
TRN-6B5148D701253811,C,1
TRN-6B534639581CF0E2,C,1
TRN-6B6218D32FF78457,C,1
TRN-6B82FBB49DE7876F,C,1
TRN-6B9B1CBC13D77312,C,1
TRN-6BA772185CBB7D68,A,1
TRN-6BB0A767E79E2B9B,A,1
TRN-6BB6038D0EE23833,C,1
TRN-6BD644B57D0CB426,C,1
TRN-6C00DEB698C2EF2C,C,1
TRN-6C118F6123DC85FA,C,1
TRN-6C3CEE74717AB272,C,1
TRN-6C44576722765FEB,C,1
TRN-6CA99CA66B0ABC01,A,1
TRN-6CC3A576CCCA6753,B,1
TRN-6CECE11302C194B4,B,1
TRN-6CED83D81D8905E0,C,1
TRN-6CEF477C7FCBC4C0,A,1
TRN-6CF5CD5B85A729C4,C,1
TRN-6D03784345CFF000,B,1
TRN-6D1037D75D0C93B8,C,1
TRN-6D2A33D96063431F,C,1
TRN-6D32243F764024A9,C,1
TRN-6D5BFA5426CD0B38,B,1
TRN-6D675F6E769B2D26,C,1
TRN-6D706B28A06301C0,C,1
TRN-6D964F3573E11773,A,1
TRN-6D97E7D8C0EF95E4,C,1
TRN-6D98C8BAAF9E5C9C,A,1
TRN-6D9DFB801AF94E43,B,1
TRN-6DC8E77EF6FBA296,C,1
TRN-6DDB16040AE5454E,A,1
TRN-6DEB4537B400BF99,C,1
TRN-6E05ED7BEDA30E09,C,1
TRN-6E17E4A24F2FA62D,C,1
TRN-6E24FEF9B71F1323,A,1
TRN-6E2E33F1F9C45D26,C,1
TRN-6E3964E9F99381A8,C,1
TRN-6E42AFBE528E250B,C,1
TRN-6E45B1B302180767,B,1
TRN-6E473343F60FC68D,C,1
TRN-6E4C212C5E5C32F6,B,1
TRN-6E936E958CE308DB,C,1
TRN-6F141FC9A6B355AC,A,1
TRN-6F29488C7DFE1306,C,1
TRN-6F2C65855A13FBF2,B,1
TRN-6F45461F45EEEE4D,B,1
TRN-6F4CD0BBF4E0A1B5,C,1
TRN-6F565BA599B135B7,A,1
TRN-6F82872946752423,C,1
TRN-6F959917CB943C3F,C,1
TRN-6FAA766CEFDFA02C,A,1
TRN-6FAC8EBDE808932D,C,1
TRN-6FC2B41A1EFA4F9D,C,1
TRN-6FD9C8BF231F2B9F,C,1
TRN-6FE6F173382FB10E,C,1
TRN-6FE7D762C68CF411,C,1
TRN-7010340C179CAF7D,A,1
TRN-7020FBAA75017B7F,C,1
TRN-7052508BA7494BD8,C,1
TRN-7072933C745A224B,B,1
TRN-707458714B8F7C71,C,1
TRN-70A45F18438D4D26,B,1
TRN-70C5F7157939531D,A,1
TRN-70CDC746C026AB99,A,1
TRN-70D4D55E4BC7CFDA,C,1
TRN-70E200A7357E2F6E,C,1
TRN-70E862F57E588087,C,1
TRN-7113B25E91AD8853,B,1
TRN-712186B6A613BB62,A,1
TRN-713F38029CB374ED,C,1
TRN-7148E074B137CEC8,C,1
TRN-717E867AEE862E54,C,1
TRN-7189370A7664BFD8,C,1
TRN-719987B760A259E1,C,1
TRN-71BBD34E365FAA56,A,1
TRN-71BD74FD53A0D996,C,1
TRN-71D1FB8992BE82AB,C,1
TRN-71E345F36F834FFF,C,1
TRN-71F7906758EE6DCA,C,1
TRN-71FD2FB833427C73,A,1
TRN-722FEE10E75CC1B7,C,1
TRN-723B8E03F218BD29,C,1
TRN-7240A1CC9E4DA600,C,1
TRN-724957405868C8A5,C,1
TRN-724EA6045F79CD9B,A,1
TRN-72594FD5DA257D05,A,1
TRN-72691FD14F0A2F1E,A,1
TRN-727113C3AE6E1A4C,C,1
TRN-7299F15B3212561C,C,1
TRN-729B2F35DF0E29B3,C,1
TRN-72A36DF4FA66303D,C,1
TRN-72A507BF965C5668,C,1
TRN-72BC2C166EF1694F,C,1
TRN-72EDD9B698D78D5F,C,1
TRN-7337BA74EE16AB4E,C,1
TRN-734B6DD7630CC447,B,1
TRN-73652BD66DB3653D,C,1
TRN-736CBEB8BF921E9D,C,1
TRN-73819D87010401AB,C,1
TRN-73A1EF8AF1B48060,A,1
TRN-73D9BEA1DD45F896,A,1
TRN-73E30CA3EA506D6A,B,1
TRN-73FF8AD3367824AD,B,1
TRN-744A8FCBDB17D15E,A,1
TRN-746D65631FE72C06,C,1
TRN-7474499CF6FFD558,B,1
TRN-74888549B2347CB1,A,1
TRN-74915C8432A814A0,B,1
TRN-749A8FABE187D4B1,C,1
TRN-74B36ECA02DCD888,B,1
TRN-75025A9B666A2626,B,1
TRN-7514973ED244EA96,B,1
TRN-754F822BD9111B57,C,1
TRN-754FF6BD7E4A12F2,A,1
TRN-756717FE36F65889,B,1
TRN-7587EC6ED711C6B5,A,1
TRN-75D6609761D0E8CE,A,1
TRN-75F160A7B6DFB096,C,1
TRN-75FAB82E11C65E2E,C,1
TRN-75FCC497E170B528,A,1
TRN-760D310C99777E91,C,1
TRN-761425ED02043E1E,C,1
TRN-76219B3958694835,B,1
TRN-765FA506FDE081E1,A,1
TRN-76602DEF6A31BE04,C,1
TRN-766B6F816880EE3D,B,1
TRN-768524A904FD6CB7,C,1
TRN-7696AFA2DD77CA5F,B,1
TRN-76ABDF016785D4E3,A,1
TRN-76C173560A9B5A54,C,1
TRN-76FD977C9F2A8781,B,1
TRN-772F1B2E21E094BC,B,1
TRN-773C502028D4E3D5,C,1
TRN-774266EFD4187791,C,1
TRN-774899E210BA0256,C,1
TRN-7749943D3CD8E455,A,1
TRN-779C1A8E9D11BC78,C,1
TRN-77A31533D6A6FEF3,C,1
TRN-77B3C0D3015B2125,A,1
TRN-77B6A591B0A4DFC2,B,1
TRN-77B9EC11B7751252,C,1
TRN-77C32857F0E8BE17,B,1
TRN-77C9C106AB368809,A,1
TRN-77E4017FB81FF6A7,A,1
TRN-78048878B82562B7,C,1
TRN-7809AEEBCF1E0AA3,C,1
TRN-7816D496F8C2121C,A,1
TRN-783451FE10FF6156,C,1
TRN-783644D951E8DA91,C,1
TRN-7836847B8F9F3599,C,1
TRN-786412DCEBC76672,B,1
TRN-787D3DD425C5D051,B,1
TRN-78A43B8B0CD6CE6A,C,1
TRN-78A80299F86DCD2A,C,1
TRN-78C2CB2A3150A3DE,A,1
TRN-792181F3117EF7FA,C,1
TRN-7928F8F0345E5632,C,1
TRN-79784431F02D9ECC,C,1
TRN-798DB4EE02DA52C1,A,1
TRN-79C42A1132D9775E,C,1
TRN-79F1CD983F0166B3,C,1
TRN-7A08C0D84B8A6DBB,C,1
TRN-7A09A4E02E9304B7,C,1
TRN-7A09BB0528E03899,C,1
TRN-7A1A2E77357890FE,C,1
TRN-7A21DBF5553673FE,C,1
TRN-7A22BEFB83E71732,B,1
TRN-7A25F1120F34935A,C,1
TRN-7A57A267BB932EB9,C,1
TRN-7A79619B5190D57C,C,1
TRN-7A830E8F1C3787DB,C,1
TRN-7AAE493C6BFE8FA4,C,1
TRN-7AEACB89647C8809,B,1
TRN-7AF61310E60736E3,A,1
TRN-7AF709F8A0FEBA15,A,1
TRN-7AFE64F361FA7112,B,1
TRN-7B0A262D917D4310,C,1
TRN-7B0B2873B62434B8,C,1
TRN-7B1A7017FA9618B0,C,1
TRN-7B2B5CC8F1756F72,B,1
TRN-7B4BC7FD88055E7C,C,1
TRN-7B58EBB0613736A7,B,1
TRN-7B75432D370F5459,C,1
TRN-7B87C5A93379DC3A,C,1
TRN-7BA89A851AEDA780,C,1
TRN-7BAFEA5DEC2FFD54,C,1
TRN-7BC0BB3990F5B60F,C,1
TRN-7BCC1E2EBF59A0BF,A,1
TRN-7BCC25A3B35351D2,C,1
TRN-7BE7266454A728BC,C,1
TRN-7C10A67A8E23CE77,A,1
TRN-7C257B331293E00C,C,1
TRN-7C416602535246FC,C,1
TRN-7C633F8F57D48B58,C,1
TRN-7C67C108BC68B339,B,1
TRN-7C6FDB6631101BFA,B,1
TRN-7C7B552B967F88A6,C,1
TRN-7C844CC2ADEF3E3B,A,1
TRN-7C8D032914508559,B,1
TRN-7C8F11E4D539076D,C,1
TRN-7C9682D87D25FC2A,B,1
TRN-7CC97B1B65359791,B,1
TRN-7CC9CC2CAC7ACC9D,B,1
TRN-7CEAC968AA07C8A0,C,1
TRN-7D15E2CE35AC1A29,B,1
TRN-7D2BAEFA60F1C1F2,C,1
TRN-7D3447C4ACCC0B75,A,1
TRN-7D35BEBE8E7C0A61,C,1
TRN-7D43438864E70963,A,1
TRN-7D4C149E5C67C375,A,1
TRN-7D898D50F38A551A,B,1
TRN-7D8E0064738DE773,C,1
TRN-7DAD985E1C14C5BC,C,1
TRN-7E068BB8C628F3FD,A,1
TRN-7EDCC55E624D8E37,A,1
TRN-7EE0F3FEAEE52334,C,1
TRN-7EE1EF604FFC8DF0,A,1
TRN-7EF054D6A5759AAE,C,1
TRN-7EF0A52DAF585A2A,A,1
TRN-7F0221A78A754DB2,C,1
TRN-7F3205801ADC4147,C,1
TRN-7F39B9458FAA5C32,C,1
TRN-7F4558BB3EFF39CC,B,1
TRN-7F6488EED1487FB1,B,1
TRN-7F90DAE727711CFA,C,1
TRN-7F9A8F93AC8FE022,C,1
TRN-7FA33180991889F3,C,1
TRN-7FA5E283B16F594A,A,1
TRN-7FA79DD43E9D9136,C,1
TRN-7FB1E97BAFCAB0DC,C,1
TRN-7FC2656C728FE513,C,1
TRN-7FC7793B3CA63215,A,1
TRN-7FEBA6762C340A14,A,1
TRN-7FFAD27F3C141639,B,1
TRN-8004A797C0EAE67D,C,1
TRN-8006FA7CF1AB635A,C,1
TRN-8029221B551BACA0,C,1
TRN-803FA6273F160426,A,1
TRN-80466A6E32088094,B,1
TRN-80A216570B950104,C,1
TRN-80E87448046C5122,C,1
TRN-80F3BCDF8C08A510,C,1
TRN-810CAE38D0534407,C,1
TRN-81253E4245DEA135,C,1
TRN-8134AE8F5F0357E3,B,1
TRN-813A2608070E0BB3,A,1
TRN-8152219DBE680ACA,C,1
TRN-81688AEE4BC43B9F,A,1
TRN-817EEB95F89D6CA1,C,1
TRN-81A5681F83659B32,C,1
TRN-81E6BFFE18CAF93B,C,1
TRN-8212018D8DCBE205,C,1
TRN-821C2DA29E0E8C64,C,1
TRN-821E802C14117AE4,C,1
TRN-825B478F0630EE72,C,1
TRN-827206087B28B12D,A,1
TRN-828CF7D80E0ADB47,C,1
TRN-829D151E4DC4C658,A,1
TRN-82CAFFC37D65A214,B,1
TRN-82CC73D56818DCA8,B,1
TRN-8301F6AF0A041F7B,C,1
TRN-8302631B7EAE4198,B,1
TRN-8315E7ECD26A8E6B,A,1
TRN-831E67E452C7D8DB,A,1
TRN-833E6E747916A7D1,A,1
TRN-83A18076C7CA6DE0,C,1
TRN-83C1E6C074C4274E,A,1
TRN-83D3F7A50263E9B7,B,1
TRN-83D835DBC1582049,C,1
TRN-83F6E8C969FC2DD8,C,1
TRN-840533AF1CEB16E4,C,1
TRN-842F925B111287D4,C,1
TRN-844A45D0BC6BCB31,B,1
TRN-8475C3E52E202D86,C,1
TRN-8485A87A8DF8F8CC,C,1
TRN-848988B9480EE293,A,1
TRN-84A6AEE5277123EC,B,1
TRN-8502549423474AEC,C,1
TRN-85293217959882F7,B,1
TRN-852B0BD813B1CA48,B,1
TRN-852D3A5456C0B0BD,C,1
TRN-85382D4625AFF779,B,1
TRN-8590FD3C9141BB58,A,1
TRN-85B5F49A0A6456B3,B,1
TRN-85CB405E738AB7A7,B,1
TRN-85D9F972E547C666,C,1
TRN-86103873151642ED,C,1
TRN-862B35FF7992B6C3,B,1
TRN-864EC010BB08DF03,B,1
TRN-86854808D6F40BAE,A,1
TRN-8688BD3284C07EAD,A,1
TRN-86AF9CAE4966B20D,B,1
TRN-86B793FB0755FFE4,C,1
TRN-86D06E1236DD6D78,C,1
TRN-86DD03C3FF6946C2,C,1
TRN-86E12948710E2280,B,1
TRN-871411FCD7AEA4D2,C,1
TRN-871C1A412BA6E49A,C,1
TRN-8722678E2C8BD539,C,1
TRN-873407744AD77CE4,B,1
TRN-87524296AAC820F7,B,1
TRN-8760A7BE6B809CC4,C,1
TRN-8777C0D3A8D2335F,C,1
TRN-878C6D4FFFE393AD,A,1
TRN-878C9F65AD342A2F,C,1
TRN-87B9204BDCBBDFBD,B,1
TRN-87BA2AE54AF153B2,C,1
TRN-87BFEC337185A43B,B,1
TRN-87C2C832FD3C4395,C,1
TRN-87C63AEB8FC5BDBA,C,1
TRN-87CEFEF94C70E0A1,C,1
TRN-88075FB8B2046BB0,C,1
TRN-88351D9F82EF69A2,A,1
TRN-88A69BE4EAE5176B,C,1
TRN-88FC2842A2F3B390,C,1
TRN-88FD0C9F83764CA3,C,1
TRN-890927CAA11334E3,C,1
TRN-89171054E2F4225B,A,1
TRN-8926D51FB818DF20,C,1
TRN-892B85C5C3E5172C,A,1
TRN-893F97694E7542D5,C,1
TRN-898B3A3F2799C973,B,1
TRN-899B76EAA24F29EA,A,1
TRN-89A587266D311A9D,C,1
TRN-89BF476CC91A2F8C,B,1
TRN-89BF729F458C5C2B,B,1
TRN-89F54514B381B53E,C,1
TRN-8A57F2FF5744A39A,C,1
TRN-8A5E66352049B7FB,C,1
TRN-8A70B94561570626,A,1
TRN-8A7C9D47E1019AF6,B,1
TRN-8A863DB31A804554,C,1
TRN-8A8BFD358D187CC3,C,1
TRN-8A905F59E376D4B6,A,1
TRN-8A9DC12866DC6CD7,C,1
TRN-8ABCBB37EF0149A8,C,1
TRN-8AF2642265C6EEFC,A,1
TRN-8AF6081A7F1F8F81,C,1
TRN-8B050158F6E61993,C,1
TRN-8B13F21EE531A5A4,C,1
TRN-8B533E6CE50EF032,C,1
TRN-8B6537A779ABCDB6,C,1
TRN-8B745F871187D576,C,1
TRN-8B78AF116D4C17C0,C,1
TRN-8B7EB1B7E8C80839,A,1
TRN-8BA4FBD7F0CCB26F,B,1
TRN-8BACDFFD7B1D2D33,C,1
TRN-8BB187365E5410EE,C,1
TRN-8BC67D48BBB059E0,C,1
TRN-8C0726A63B7B7C11,C,1
TRN-8C14ABD94D812043,C,1
TRN-8C1C7B9D9CF25DE8,C,1
TRN-8C1E22CF514356E0,C,1
TRN-8C267E6EFD94A08F,B,1
TRN-8C336A8F29BE7D86,A,1
TRN-8C4415904EFB1ECD,C,1
TRN-8C7BA884BD8A81B4,C,1
TRN-8C810D35830AB7CD,A,1
TRN-8C8B795AD04EEE30,C,1
TRN-8CA2FD92D92C509C,B,1
TRN-8CABA854A32011EF,C,1
TRN-8CDFBAD7B0C94F62,C,1
TRN-8CEAF8FA81D44417,A,1
TRN-8D039F56C9D5B57C,A,1
TRN-8D0D5CEDD9E58F9D,C,1
TRN-8D46B580026E2502,C,1
TRN-8D4F3395B2E9C499,C,1
TRN-8D50885B61C95E7F,C,1
TRN-8D7A04200A548177,C,1
TRN-8D813CFD9B04FE21,C,1
TRN-8DA4D766B403CDF9,C,1
TRN-8DAFA81AA38591E4,C,1
TRN-8DB2888E491063D1,C,1
TRN-8DCCF1D70EC77F3D,C,1
TRN-8DE60AA445B9DCEB,A,1
TRN-8DEF6EB55D7FA904,C,1
TRN-8DF07E19C05A8F28,C,1
TRN-8DF0CBD5C44DF06B,A,1
TRN-8E099ED7609BE9BB,C,1
TRN-8E0C383CE692294B,A,1
TRN-8E209D9C5F28D2F4,C,1
TRN-8E27C613DB483F36,C,1
TRN-8E29550881D16AB7,A,1
TRN-8E5230ADA844A4FF,C,1
TRN-8E5890E6B1196111,C,1
TRN-8E6DD1D537015FE3,C,1
TRN-8E725FED4A5FBB35,C,1
TRN-8E935916079B4A3E,B,1
TRN-8E9F723CF5E86570,C,1
TRN-8EB7FC43FCBFD29E,C,1
TRN-8ECA0FA35F41B2C9,C,1
TRN-8ECA9505885B8806,C,1
TRN-8EE19607A12FC24C,A,1
TRN-8EF81716A855E336,C,1
TRN-8F00C9944A9AA93C,C,1
TRN-8F12F5FA8F9BABEC,C,1
TRN-8F38291755BC53E7,A,1
TRN-8F4D7F8F0CF2E2FE,C,1
TRN-8F593D01B84F0902,B,1
TRN-8F66F23A247AEED4,C,1
TRN-8F99AF6C32D5CDAB,C,1
TRN-8F99C0A7426E9B3D,C,1
TRN-8FB2DB35B5F4265B,C,1
TRN-8FC54F3C2B8CE4E6,A,1
TRN-8FD81F8DF72044AB,C,1
TRN-8FF1354462345D39,A,1
TRN-8FFDFDDF4D8A833E,C,1
TRN-9014EC4FA6CB630D,A,1
TRN-90193FED8E501340,A,1
TRN-902917AF91636B39,B,1
TRN-902FC55679D0ACC6,C,1
TRN-9040B52FFA495EC0,C,1
TRN-9069AB445069E3A2,B,1
TRN-906A3E48C6355675,C,1
TRN-907333981E4B0510,B,1
TRN-9080C2079714CCE5,C,1
TRN-9083A9041AFDD341,C,1
TRN-90B4AE1A915020DD,C,1
TRN-90B6F4DAE35A1246,C,1
TRN-90B776A133B47ED5,C,1
TRN-90EC114B1B107816,B,1
TRN-90FA588A8DDD8E76,A,1
TRN-9118082FFAC55C79,C,1
TRN-9127A80E40B6FC3D,C,1
TRN-9135C549E533339A,A,1
TRN-913E024CB4A9453B,C,1
TRN-91493567AD2B8792,B,1
TRN-915E54E116DFB471,B,1
TRN-91737DD180EA4002,B,1
TRN-9176A22DA7342B81,C,1
TRN-919FC16F66BC376C,B,1
TRN-91ACCC89BF65F768,C,1
TRN-91D27DD4F5ABFCA2,C,1
TRN-91F3323B1659A27B,C,1
TRN-92061A9A8B274CFD,C,1
TRN-9218256F691481B2,C,1
TRN-9234C3B39F456913,A,1
TRN-923C6548152D8593,A,1
TRN-9243E3642862F6C3,C,1
TRN-9270E3E90155268A,C,1
TRN-928733197C2DC8A4,C,1
TRN-92C2B6B3C2741924,B,1
TRN-92C2BAD546A9714D,C,1
TRN-92CFFF442435FD04,A,1
TRN-92D68104D1899059,A,1
TRN-92D6F5E897595EDC,C,1
TRN-92DDBCE0D27F403F,C,1
TRN-92EF237DF7ADE71A,A,1
TRN-93119F212A80DA66,A,1
TRN-9315D7147682092E,B,1
TRN-931627702190EF3D,C,1
TRN-931E0A1B7F1570BE,B,1
TRN-9328B45104C50693,C,1
TRN-934C93F7B669D8CF,C,1
TRN-934EB5BAB44B079D,B,1
TRN-935E5771F1222055,A,1
TRN-93B9AD6CD890346D,A,1
TRN-93BE998C2FF7FE1A,C,1
TRN-93C72436A5F9FDB4,C,1
TRN-93EE86A760F2C94C,A,1
TRN-93F379D232AA0A41,C,1
TRN-9411DD943CA31ABB,C,1
TRN-94244C479D374C68,A,1
TRN-94245E2409B94899,B,1
TRN-943B1F66C91CA52A,C,1
TRN-944C194A6211A194,C,1
TRN-94644628D29770B3,C,1
TRN-94662DE321C244D1,C,1
TRN-9468C90DEC1B3A79,C,1
TRN-948A4E1D5BB8ADAF,C,1
TRN-9494C892B2BBDDD8,B,1
TRN-949D46CE09003909,C,1
TRN-94B0F9B6FBD86E8F,B,1
TRN-94C25DC096B92380,C,1
TRN-94CE31CBC9E8B34F,C,1
TRN-94FE2A7968D57BDC,C,1
TRN-9511E2C2137A4915,C,1
TRN-952FE7BBBABF9BF1,C,1
TRN-953785BA44224707,A,1
TRN-954261195CFB9734,C,1
TRN-95AEFCDCD5D61C4D,A,1
TRN-95BEF1A5B2F331EC,C,1
TRN-95C2D9B925CAE077,C,1
TRN-95C3FCD290C725D6,C,1
TRN-95EE8B644237EA06,A,1
TRN-95F40F68A9882F10,B,1
TRN-9602EF679C6F2C81,B,1
TRN-960437A0AC91004A,B,1
TRN-9617FB693FD61B5F,C,1
TRN-9623FDEECC0439BE,B,1
TRN-962628B09B7814F4,C,1
TRN-962665FFB50AE7A4,C,1
TRN-962D33D360144267,C,1
TRN-966122929FD8624E,A,1
TRN-96778B334FFB554B,C,1
TRN-967F16D8631E1FF0,C,1
TRN-968153092A21D6BD,B,1
TRN-9697F5FA2C1A0DF4,C,1
TRN-969D61CCA83856EB,A,1
TRN-96A17591F49C9EA1,C,1
TRN-96CAE5F10F9809D3,C,1
TRN-96E65E2B021BC722,C,1
TRN-97679D6A964C539D,B,1
TRN-976EC5F544D3CBA1,C,1
TRN-97B0EC29C8D52192,A,1
TRN-97F10F69B1B1BC72,C,1
TRN-97FBB7DE43F1155D,C,1
TRN-9801284CA0627CB2,C,1
TRN-983F3EB2A47C13FE,B,1
TRN-9840295E45DCD740,C,1
TRN-9899AF6FAD4DC891,B,1
TRN-98BD598E60EA77DF,A,1
TRN-98BED4E7C850731B,C,1
TRN-98C2757FBDF1EE65,C,1
TRN-9900A6177ECF7A0C,C,1
TRN-9909C4029D552886,B,1
TRN-991236C7C78A20E2,A,1
TRN-9917F2620F504CDF,A,1
TRN-992B879D89E2446D,C,1
TRN-99588F03F9A38AC0,C,1
TRN-9962E915E714D467,B,1
TRN-9989D9AF46AE7536,C,1
TRN-99903EA1117EA542,B,1
TRN-999E8990B5CA3454,C,1
TRN-99C4230D1346A977,C,1
TRN-99D6708683DC46AF,C,1
TRN-9A074CFEAAA0D128,C,1
TRN-9A0D1993AA1B05BC,C,1
TRN-9A2D84FA663C5A19,C,1
TRN-9A51B76E12ED0D8F,C,1
TRN-9A8A4223D9F32DBF,C,1
TRN-9A989D117F2C4049,A,1
TRN-9AE4EAB8602DDF65,C,1
TRN-9B00B51BB35A8239,C,1
TRN-9B024481D3B60FCC,C,1
TRN-9B0C6A4EEA4DE7A6,C,1
TRN-9B2A4142D3E75571,C,1
TRN-9B336C22711040ED,B,1
TRN-9B36972BAAC0F4CC,A,1
TRN-9B4DA2EAC367A3AC,A,1
TRN-9B4EF961DE2EB8C2,C,1
TRN-9B5850B54457FABD,C,1
TRN-9B6D569CD0DAC943,A,1
TRN-9BAE0A244FD84532,B,1
TRN-9BC721E9D86663F8,A,1
TRN-9BF6B6184B719683,C,1
TRN-9BF86A793A39BB9A,C,1
TRN-9C2359987AB441AE,C,1
TRN-9C40F1D2B8F0ECF4,C,1
TRN-9C4F4F1E5DA6DF79,C,1
TRN-9C60ACBFB7A960F5,B,1
TRN-9C6C760E9A8FC9D9,B,1
TRN-9CCBFA6DAB9ACECE,A,1
TRN-9D17E7323DFCB006,A,1
TRN-9D2B67E0B24B049B,C,1
TRN-9D36F58376038C09,C,1
TRN-9D5F3C7FA6F201C9,C,1
TRN-9D73B73FC5E38D7E,C,1
TRN-9D954620D0DCC918,A,1
TRN-9DA8D2C202A5BF34,A,1
TRN-9DC2ECC5198D2890,B,1
TRN-9DC57F70963E8715,C,1
TRN-9DE1070487DBF5D3,C,1
TRN-9DE6B66E0B7B941D,C,1
TRN-9DF2C38C6D0BF027,B,1
TRN-9DF627A03FC7AFE9,A,1
TRN-9E0D370D2FAAB563,C,1
TRN-9E13216AA8C4958C,C,1
TRN-9E171DADD496BFE9,C,1
TRN-9E4FB16CEFEB1699,C,1
TRN-9E5062C1223BE981,C,1
TRN-9E8109CD5B3682B0,C,1
TRN-9EA6650E68A557F3,C,1
TRN-9EA8A495A0F22540,C,1
TRN-9EF7B54C72074B22,C,1
TRN-9F225FFFA5440443,C,1
TRN-9F29533D73EE53B0,B,1
TRN-9F2A28E7D4619BF1,C,1
TRN-9F2F2FD128C16BE2,B,1
TRN-9F3A6938C3B71246,C,1
TRN-9F3ABD7603F1FDE1,C,1
TRN-9F57DF48690C3B54,C,1
TRN-9F6E6E3C417FD114,C,1
TRN-9F7540BB005F63AD,C,1
TRN-9F9510D3A4EEA727,B,1
TRN-9FD71A6EDB6C7EBF,C,1
TRN-9FE3DA9BCDA63D8A,C,1
TRN-9FE6ED77D8DB1F70,B,1
TRN-9FF0B59B967A7532,C,1
TRN-A00F6955EA7EF4E6,C,1
TRN-A02A03A2BD1F5899,C,1
TRN-A04C08AC4A882C68,A,1
TRN-A04EEAF13DCB3A03,B,1
TRN-A04FA3DD230BA726,A,1
TRN-A0661B44EABA49F7,A,1
TRN-A0715748BC68A86B,C,1
TRN-A08AFE63D5FD6E73,C,1
TRN-A0A2768EFF496A88,C,1
TRN-A0A553D9CBF9E7F5,B,1
TRN-A0A7387D7D386527,C,1
TRN-A0B90FFEBD4241CB,C,1
TRN-A0CFF6FFFB45434C,A,1
TRN-A0DE21F9805FCA6D,C,1
TRN-A0DEC1E52CBDD6D2,C,1
TRN-A104F8663D0765E8,C,1
TRN-A108948C1BA60A18,C,1
TRN-A10B380BFDBB09CF,C,1
TRN-A148746A25C404B3,A,1
TRN-A148CB86F411D189,A,1
TRN-A170657835FFEFB1,B,1
TRN-A17DAACBB15CA00C,C,1
TRN-A1CD6869297B06D8,C,1
TRN-A1DF22DCF90E6486,B,1
TRN-A1E0A9B8F0AF73A3,C,1
TRN-A1F2B4B56564E7C1,C,1
TRN-A20D2FB9D0094796,C,1
TRN-A21F4669D97E6590,C,1
TRN-A235B263A4B41ED5,C,1
TRN-A257D3BBE0923CAE,A,1
TRN-A25DE5A2C96A15C4,C,1
TRN-A26A2CF93676F77B,A,1
TRN-A26A46BBD9D2BCDA,A,1
TRN-A287004341238AED,C,1
TRN-A28D3BDAC9B3F528,B,1
TRN-A2EEDEA25E74D459,B,1
TRN-A3592003608224E9,C,1
TRN-A3770ACF0890BB7F,C,1
TRN-A3B4E0521D49EEEF,A,1
TRN-A3D2ED221F26816B,C,1
TRN-A3D4C253CFA61FD4,B,1
TRN-A3E6D6670C34D921,B,1
TRN-A404227044A094A7,C,1
TRN-A429AE461BF0F2D0,B,1
TRN-A42C9EA7C7A8987B,C,1
TRN-A43B5A54BED55559,A,1
TRN-A440A9057FB040A3,C,1
TRN-A475FDADDE8F1D24,B,1
TRN-A49AEC4436043947,C,1
TRN-A4A5EFB8DA9620CB,C,1
TRN-A4AB24566E9F5931,C,1
TRN-A4ADD8A42C3B45A7,A,1
TRN-A4B33D3C154A7D31,A,1
TRN-A4D18897BE1CC18A,C,1
TRN-A4DF27133C630316,C,1
TRN-A4E8A9408B3FFBEC,C,1
TRN-A4F040728070F5C3,A,1
TRN-A5088AFE4CAF7BDF,C,1
TRN-A533D9A62157F405,C,1
TRN-A5400E65B2686BAA,C,1
TRN-A546EF280D22E1F1,C,1
TRN-A568CA2237DA5AD9,C,1
TRN-A5796660A441CCC0,C,1
TRN-A59B03D8C2A5F2B3,C,1
TRN-A5C051604B796798,C,1
TRN-A630EC0E2D37D59C,C,1
TRN-A6355D25CB6C82A5,B,1
TRN-A6408B75CFDB7D7A,C,1
TRN-A64EC7A22844C5D6,C,1
TRN-A66B655EF62A1B21,C,1
TRN-A6951496E6D0285A,C,1
TRN-A6BF04353C8EC8D8,C,1
TRN-A6E8CC36049FE63B,C,1
TRN-A6F864D8970CAF41,B,1
TRN-A71C46AC2F8EE331,C,1
TRN-A71D0177568B5A06,A,1
TRN-A7294F17AD1465F8,C,1
TRN-A74360F250E6BA8C,B,1
TRN-A74E274B038DC962,A,1
TRN-A757716E9EAF2BE6,A,1
TRN-A7592B5FFD38902A,C,1
TRN-A75C12E2137A8216,C,1
TRN-A79476B517C3CF44,C,1
TRN-A7A5AE452B562C2C,C,1
TRN-A7B5799C89F3FFCF,B,1
TRN-A7B6C69A1589C553,C,1
TRN-A7BA1EDDD5EE71E3,A,1
TRN-A7CD41C6138949E3,C,1
TRN-A7CF1FF1D63DA911,B,1
TRN-A7D1856B51EA97C5,C,1
TRN-A7E417AF7B961C03,C,1
TRN-A7F4777D625A1354,A,1
TRN-A80522A791FB6A36,C,1
TRN-A81340919AE2CA0A,C,1
TRN-A83C1E535E4B0650,A,1
TRN-A84041E7BEE2AAD6,B,1
TRN-A86642B789629A24,C,1
TRN-A86A24CA603FD100,C,1
TRN-A880CC5478B77C50,C,1
TRN-A89B3686D81C6D62,A,1
TRN-A89E2D4D381BF0BE,C,1
TRN-A8AF190B8987CC4D,A,1
TRN-A8C0DFD0878441B4,B,1
TRN-A8CEF623B9BF2675,C,1
TRN-A8E9EFDBE05B4F45,B,1
TRN-A8EAA614240C8B7B,C,1
TRN-A8FB0426DE1ADC86,C,1
TRN-A908791C9A8F81B0,A,1
TRN-A915DFF428690870,B,1
TRN-A95D1A3B30C05499,B,1
TRN-A960F11794E52B3B,C,1
TRN-A98C8574DF76E7F4,B,1
TRN-A9A57D8B302A849C,C,1
TRN-A9A60F6867BB55B5,C,1
TRN-A9A6F012CDED3C25,C,1
TRN-A9BFEDDAE868285E,B,1
TRN-A9D4E37A951B21EA,C,1
TRN-A9D50A73485AFDD4,C,1
TRN-A9E8539F16097839,A,1
TRN-A9EEB82F185F42F6,C,1
TRN-AA1AB52D30626F71,B,1
TRN-AA1AE10788F846B1,A,1
TRN-AA1E634CD4B525D5,B,1
TRN-AA44148EF36F7C64,A,1
TRN-AA4AFA28F564C1CC,C,1
TRN-AA545C296D3E058F,A,1
TRN-AA7F588DF0E41A3D,B,1
TRN-AA818A55A0A61C0A,A,1
TRN-AA91AB4618DF833C,A,1
TRN-AAA19EC41FE0D98F,C,1
TRN-AAB083A94B49B18D,C,1
TRN-AAB83EAE25117DC4,A,1
TRN-AABA16933EABF96F,C,1
TRN-AAD319A0AB8F8395,B,1
TRN-AB122A6EC356BECD,A,1
TRN-AB2197329319D491,C,1
TRN-AB25FF7982807B48,A,1
TRN-AB27A8B6DCA9D129,B,1
TRN-AB3B3E4C2E9FB425,B,1
TRN-AB7771C229B297A7,A,1
TRN-AB7F6D632656DE0F,A,1
TRN-ABB08771E5191F1B,B,1
TRN-ABCCD8947464D0E1,C,1
TRN-ABCF843E60B06ABF,B,1
TRN-ABD917ADEDEBF352,A,1
TRN-ABFFC383465539BC,B,1
TRN-AC0E3A9C7439DD7E,A,1
TRN-AC2520B9744B77D0,C,1
TRN-AC2E1587D0BB7634,A,1
TRN-AC383DAC4FC36056,A,1
TRN-AC3E019D18C2035F,B,1
TRN-AC505A4750A31EEF,B,1
TRN-AC527C334113F520,A,1
TRN-AC54D518587B005D,C,1
TRN-AC6608777E759780,C,1
TRN-ACA16F4511A398C8,C,1
TRN-ACAC63E0AA8E3C76,B,1
TRN-ACAEF9146825296B,C,1
TRN-ACC6602FF5A83917,C,1
TRN-ACFCDB643EC34E7D,C,1
TRN-AD0298D418A48D43,C,1
TRN-AD07872ED17B9F97,A,1
TRN-AD181662F65165D2,C,1
TRN-AD1C4031EC8836C5,C,1
TRN-AD21520A2EC3E69E,A,1
TRN-AD27014273998E48,C,1
TRN-AD47D40DEAFDE980,C,1
TRN-AD5C89980D17A174,C,1
TRN-AD63A38AE986DEE6,C,1
TRN-AD72FA45AA462504,B,1
TRN-AD7C7DCA22A5318B,C,1
TRN-AD84B925F8A722A0,B,1
TRN-AD8F6446B59DA959,A,1
TRN-ADDC2AEC706A6639,B,1
TRN-ADEB888B5108BB74,A,1
TRN-AE0821819461DD33,C,1
TRN-AE10FE68A1D66445,C,1
TRN-AE1A012DF4D22CAB,C,1
TRN-AE459BCE242E8090,C,1
TRN-AE6011613D0E3C99,C,1
TRN-AEC2C9E1BBE1B278,C,1
TRN-AECB386F50F57241,B,1
TRN-AEFDE77DCCB7607E,C,1
TRN-AF33DAD54CA44F4C,C,1
TRN-AF63911B4475F8FE,C,1
TRN-AF6E9C39C13CEA5C,A,1
TRN-AF853C3105CC5B97,C,1
TRN-AFA62337509745CE,C,1
TRN-AFB40D263C7B4CB1,A,1
TRN-AFDEBCA86421A716,C,1
TRN-B003B640A697AEAD,B,1
TRN-B004296BA231EFE4,C,1
TRN-B009D35F358466BF,B,1
TRN-B01636449D216381,C,1
TRN-B01C76AF01ADF2AF,A,1
TRN-B0237D96ACA9BED1,A,1
TRN-B0438D505366B6C7,C,1
TRN-B05FE01D439534BA,C,1
TRN-B084A02FD770CE65,B,1
TRN-B0957F51B8BC62F0,A,1
TRN-B0B29440CE0F529B,A,1
TRN-B0D37BD62191D533,B,1
TRN-B1410D739D6B6C81,C,1
TRN-B151D1D0162E5839,C,1
TRN-B154E86EF58F841F,B,1
TRN-B163B689D56D0F07,B,1
TRN-B16C100071CCF68F,B,1
TRN-B17C7236FEFA095D,A,1
TRN-B17DD65334F06D34,C,1
TRN-B1984C2DA1747917,C,1
TRN-B1A1BB225690049B,C,1
TRN-B1A1E7122B0E6A2C,C,1
TRN-B1D1416AAA0B6ECE,C,1
TRN-B1DE1543A31431B7,C,1
TRN-B1EAE1CB85886097,C,1
TRN-B211369DD1CC6A92,C,1
TRN-B22524FE3BD68833,C,1
TRN-B2257B2204708DD3,A,1
TRN-B2343DEEAAA38F85,C,1
TRN-B23DD06C37887709,A,1
TRN-B24BFA9EFBC6AE32,C,1
TRN-B25D2C3AB251A449,C,1
TRN-B268472C2FBECCC7,C,1
TRN-B28DCB80284E983C,A,1
TRN-B29CB7F7A61EB3B0,B,1
TRN-B2A47F7A2248852C,A,1
TRN-B2B783E03DCEAD09,B,1
TRN-B2CAD1D3F892FD3C,A,1
TRN-B2EB5468A09AEB54,C,1
TRN-B2ED1B6EC757B2DA,C,1
TRN-B30A880AEDFD0853,C,1
TRN-B31A8AC5059B1CB4,A,1
TRN-B357C8428096D760,C,1
TRN-B367F2F3E812C3A2,C,1
TRN-B385326B523BE71C,A,1
TRN-B392C4C3D2635F42,A,1
TRN-B39F95CE2A649CFB,A,1
TRN-B3C0998495D73FAD,B,1
TRN-B3C55D8DB0231133,C,1
TRN-B3DE7C8968B7BE51,B,1
TRN-B4365D5C98CCF413,C,1
TRN-B44DD0471C870B43,C,1
TRN-B451117966A32AFD,C,1
TRN-B451BC2A6EB511D4,C,1
TRN-B45A4D74A1CB501C,C,1
TRN-B468984B027C0F4F,C,1
TRN-B48D09312D5526E3,C,1
TRN-B493E2050EA615FF,A,1
TRN-B4D72DCFA760809F,C,1
TRN-B4E6CB3C0041D41C,B,1
TRN-B50741A4F5DEAE83,B,1
TRN-B51365D4C85A4512,A,1
TRN-B51AE24F4E17C5DE,C,1
TRN-B5247A7B71A2A30C,C,1
TRN-B52859AA92B16B65,A,1
TRN-B588E99BD9A6C0CF,C,1
TRN-B58F9AB1E01EFA67,C,1
TRN-B5BF062E7280CC39,C,1
TRN-B5C198086069CD8E,C,1
TRN-B5E7F9F7382CABA9,C,1
TRN-B5EB49CC4DFE01B7,C,1
TRN-B654D118B62E1B8A,C,1
TRN-B658692C1C11505F,B,1
TRN-B66EBBD5D9D9E9B7,C,1
TRN-B67DBE6BCF1005FC,B,1
TRN-B68D2A437C048875,C,1
TRN-B68D5E6A5F416650,C,1
TRN-B6974FF9FE6756F4,C,1
TRN-B6F34928832C06EE,C,1
TRN-B6F39447C781B05D,C,1
TRN-B70D566A0E19AF31,C,1
TRN-B711F9AA4356A22D,C,1
TRN-B72F0BA1CA4335C5,A,1
TRN-B75AB1557F33F446,C,1
TRN-B777C31208E7279A,A,1
TRN-B77FDC44695D1DF8,C,1
TRN-B7A2E24A2BCA3E42,C,1
TRN-B7A58406C2699487,C,1
TRN-B7C6272A20855914,C,1
TRN-B7CE03C33AB36215,C,1
TRN-B7D562CDD4D5FAF4,C,1
TRN-B7FC9A950E934D85,C,1
TRN-B829965633CEA38A,B,1
TRN-B84422165AF2200D,A,1
TRN-B846B1B28DDF99A5,C,1
TRN-B848BD299EE213A1,A,1
TRN-B86D718AFA353130,A,1
TRN-B8966AD59DCB5D10,C,1
TRN-B89990820777FF0C,A,1
TRN-B89993162ABC13C4,C,1
TRN-B8ABB65B7E92BC21,C,1
TRN-B8B2C52775B171D7,C,1
TRN-B8C9B79426FF56F9,C,1
TRN-B8DD4233BDD6D4F1,C,1
TRN-B8F1558F49A011C7,C,1
TRN-B911A651D0B03625,A,1
TRN-B9231EC654800737,C,1
TRN-B92B2A502220F004,A,1
TRN-B98157A7E011E8D9,B,1
TRN-B9849CF0F54616B1,A,1
TRN-B985C4162999B555,C,1
TRN-B9A13F2B4FFCF9F3,C,1
TRN-B9A92DA46CF8ABDF,C,1
TRN-B9E4FEA4AD7ACF54,B,1
TRN-BA18BCAFD79C5D99,C,1
TRN-BA254DD340CC88B3,B,1
TRN-BA79C4A74A7B0250,C,1
TRN-BA834D87E9A6330C,B,1
TRN-BA96FC8CC7746FF0,B,1
TRN-BAB421F3CAB0C04D,A,1
TRN-BAF36504DA7E5133,C,1
TRN-BAF420FEF9BCF182,C,1
TRN-BAFAF985BCC0B207,A,1
TRN-BB15E2E99783EF49,C,1
TRN-BB32A9A89AC9FFB8,A,1
TRN-BB3436FACBA3BFC7,B,1
TRN-BB3F69D34123AF41,B,1
TRN-BB5B8BAB25747D5E,A,1
TRN-BB6798FEE54BD2E9,B,1
TRN-BB7C578DBA792659,C,1
TRN-BB9466CCB286F345,C,1
TRN-BBA2AB07E2342BDB,C,1
TRN-BBA7A90D6AB9AF9C,A,1
TRN-BBBEED5AEC0179E9,B,1
TRN-BBC1AB43EE920F3E,A,1
TRN-BBC85521C158D6FC,C,1
TRN-BC00A8DEAAA2550A,C,1
TRN-BC1832F4F6747A22,C,1
TRN-BC203A7EDDFD3A88,C,1
TRN-BC608398A499E9A6,C,1
TRN-BC77B736006DF7A4,B,1
TRN-BC7D70F1863144CC,C,1
TRN-BC87FA2AC9F40382,B,1
TRN-BC8B1ED29B2C0032,C,1
TRN-BC98A68D40312279,B,1
TRN-BCB1B910947BD9C6,C,1
TRN-BD07A5A324777056,C,1
TRN-BD170F0C11BF576C,C,1
TRN-BD82CE8783E42105,C,1
TRN-BDA8A7AFD5A5FC62,C,1
TRN-BDBACFEE5743A6AF,C,1
TRN-BE009F008C6170C8,C,1
TRN-BE0E15441B89CA73,C,1
TRN-BE15414604B69C8A,B,1
TRN-BE22C480EA37ECDB,C,1
TRN-BE251DA5E44DE081,B,1
TRN-BE32EBA8FBE1D10F,A,1
TRN-BE6028C32113507F,C,1
TRN-BE7EF01A29540EF7,C,1
TRN-BE89028D2C73AE72,C,1
TRN-BE9DF58201E6F4A6,B,1
TRN-BEBCE01331D0BABD,C,1
TRN-BF06CE68B77E7CDA,A,1
TRN-BF1B89ABAE0A499D,C,1
TRN-BF3DF0AD219C5386,C,1
TRN-BF3F305E00F39F90,C,1
TRN-BF44E4C23C980D45,C,1
TRN-BF4A5C7D58C2DB6D,C,1
TRN-BF89229EC051008D,C,1
TRN-BFE204B1151CA750,A,1
TRN-BFF373573C26E05E,B,1
TRN-C00F0822059A199A,C,1
TRN-C03907E4B90E6E2D,B,1
TRN-C03C8607D9885DAF,A,1
TRN-C0540F04A86C2364,A,1
TRN-C05DBE3E893AB018,A,1
TRN-C073B6E04FC521D5,C,1
TRN-C098E0B0F4327ADE,C,1
TRN-C0B72496EAA6F928,C,1
TRN-C0CACADEC13F5A6A,B,1
TRN-C0E1DEBB818B6BBA,C,1
TRN-C0FB7C1E5F0DCCD3,C,1
TRN-C1682F288DFD5B5D,C,1
TRN-C173548910A21854,C,1
TRN-C196ED06FF492F21,C,1
TRN-C198C1D919ABFE48,B,1
TRN-C1A4AD900FAE2E25,A,1
TRN-C1D1C8987D7AEDC7,C,1
TRN-C1F256A7F94E901D,C,1
TRN-C218174ED270F9EA,A,1
TRN-C21AC329C0D3BDB3,C,1
TRN-C21F6DAA8A86C0B2,C,1
TRN-C2377AD7C7ACFF50,C,1
TRN-C23A91119B19DA98,C,1
TRN-C23C76E9E8BD4010,C,1
TRN-C2529186CD6A029D,C,1
TRN-C2624B0F3575EC19,C,1
TRN-C269CBC2781DEDFF,C,1
TRN-C279C07ABF91FEFE,C,1
TRN-C28B4721806C5FA7,C,1
TRN-C28C3A6C2D41B0DE,C,1
TRN-C28CBDE53FFDCDD6,C,1
TRN-C2978C01494D94E9,C,1
TRN-C29DAD3E897ED275,C,1
TRN-C2A528595C2CC90D,C,1
TRN-C2AB35C7AA262308,A,1
TRN-C2B191562990245B,C,1
TRN-C2B20A5A7998C655,A,1
TRN-C2EB112F1002187B,C,1
TRN-C2FDAB2FB946946A,C,1
TRN-C3107FC1855C143C,C,1
TRN-C327F42E42A4E567,B,1
TRN-C34C9BD7896C4343,B,1
TRN-C382C5AFAD537F6F,C,1
TRN-C3AD5E9D09AF88E8,C,1
TRN-C3E541022E703BB6,B,1
TRN-C3ED94F5450C97C2,C,1
TRN-C44A54EA24906FC9,C,1
TRN-C44B75D22F93B30C,C,1
TRN-C454E3F3E6172B50,B,1
TRN-C48082073FDBBCD4,C,1
TRN-C48218ED9854620B,C,1
TRN-C48A79D86500EAE2,C,1
TRN-C4BF0773E5BD2315,C,1
TRN-C4F64B7CED80445E,C,1
TRN-C5005A3835BF54EC,A,1
TRN-C50D8077CC77895C,C,1
TRN-C539CA88E73AB1EC,B,1
TRN-C53BF2C3E117E333,C,1
TRN-C54122660AB00E12,C,1
TRN-C54303AA0A2CCE5A,C,1
TRN-C549D7DD40C2CE75,C,1
TRN-C5669B077F4048E9,C,1
TRN-C56FFB4DFCF45E79,A,1
TRN-C57272AEE55BD063,C,1
TRN-C576E836C9307ECF,C,1
TRN-C5E2588E8620F9AD,C,1
TRN-C5E96001A5C0C26B,C,1
TRN-C5EBA6281101CD3E,C,1
TRN-C5F23F9602C5B9B6,C,1
TRN-C60797814E1A0232,B,1
TRN-C6739FC125CE50A0,C,1
TRN-C678C4AA21820C75,C,1
TRN-C6B968CC81EC6A32,C,1
TRN-C70DC68EF6D50403,C,1
TRN-C73573D9732C08AB,B,1
TRN-C75D7B26D29B2347,C,1
TRN-C78D730FB19DB921,A,1
TRN-C7AB22B27DAA4DA9,A,1
TRN-C7BCB0DC25530517,B,1
TRN-C7D792707328DEB0,B,1
TRN-C844FE8CB03CB789,C,1
TRN-C8506A8419A46E8A,B,1
TRN-C8A78DF08DF3AA2D,A,1
TRN-C8D1E0FD0896ABCB,C,1
TRN-C8EC506DA0D6151C,C,1
TRN-C8FE4C0B1B53B10F,A,1
TRN-C901EEF07510B6F8,A,1
TRN-C92B63258DF41880,B,1
TRN-C94EB920C213DC55,A,1
TRN-C9C8CD1049454F96,B,1
TRN-CA0AC5E1A6AD6473,C,1
TRN-CA0E2C576FA78C85,B,1
TRN-CA5D60E64F1875AD,C,1
TRN-CA843C7351A4CCE9,A,1
TRN-CA9086DC4983F5BF,A,1
TRN-CAB0FF7B19DE8A85,C,1
TRN-CB04A27A0E6A4A54,B,1
TRN-CB389C32A00377B3,C,1
TRN-CB3D90ADE0A30E88,C,1
TRN-CB630BE84CD67CD0,B,1
TRN-CB6B79D040B7CAFE,A,1
TRN-CB6F7E001C76CCFB,C,1
TRN-CBA37779F907FF30,C,1
TRN-CBC2128F777CB68C,C,1
TRN-CBC2F17702669E16,A,1
TRN-CBD238316445EF9E,C,1
TRN-CBD60CF88370E75E,C,1
TRN-CC05F760D9E594CB,A,1
TRN-CC26CD7565DA856A,A,1
TRN-CC375883598DE3D9,C,1
TRN-CC8DE3489B9F6046,A,1
TRN-CC8F21FB4C5C6875,C,1
TRN-CC9445A982F3942F,A,1
TRN-CC9A2D378D6A85E2,A,1
TRN-CCAF994DD6BF8AEE,C,1
TRN-CCBC2C4165986071,B,1
TRN-CD6B9678B35D1DF1,C,1
TRN-CD753B18A906E545,C,1
TRN-CD8772F38045FA4E,B,1
TRN-CD97A276640BFF71,A,1
TRN-CDA531E2E77044CB,A,1
TRN-CDB0E6B28D7A24F7,A,1
TRN-CDDD5BE430697193,A,1
TRN-CE580A55EFB4F894,C,1
TRN-CE5DA73A5531D1B8,B,1
TRN-CEB0F66CC9EA5948,A,1
TRN-CECFEF13438CB2A3,B,1
TRN-CED317885EE44546,A,1
TRN-CED4419ECCF68376,A,1
TRN-CEDC169F65C960D0,C,1
TRN-CEF30B1DD15DD0AE,A,1
TRN-CF217B7C8D85A79E,C,1
TRN-CF93EC152A34AC7E,B,1
TRN-CFA9512DEE3C916F,C,1
TRN-CFB4A119929A8C15,B,1
TRN-CFC669B0DB39C310,C,1
TRN-D0038A39E6ED3609,C,1
TRN-D00EF8AAF99997DA,C,1
TRN-D02ABA69E6D7C28F,C,1
TRN-D04515FF3F1F38C1,C,1
TRN-D07F0846C400F739,C,1
TRN-D095A6067FA63420,B,1
TRN-D0C20391CB8235EB,C,1
TRN-D0EC2F58AA85170C,C,1
TRN-D10AA1E1B7932A5D,A,1
TRN-D112F99D9F6BCCE1,C,1
TRN-D1142254290CD82A,C,1
TRN-D117BF53733089F6,B,1
TRN-D12616A9952C7804,C,1
TRN-D1425FE94C0E1415,C,1
TRN-D183E4F29CD30B8E,A,1
TRN-D188E7A41FDC94F9,A,1
TRN-D18EE59E3F730271,C,1
TRN-D1A8A7FA55FFF95C,C,1
TRN-D1AC297D0526C493,C,1
TRN-D1B32E310EE285AD,B,1
TRN-D1BAC50737A0F4D0,C,1
TRN-D1C06EABFBB7ACDC,C,1
TRN-D1F8F9FC3EDB3503,B,1
TRN-D20A2E738BFE3EA2,B,1
TRN-D210ADC5970EE350,C,1
TRN-D21B155D84968614,B,1
TRN-D222663B5D5EFAE4,C,1
TRN-D2A61B21AFF9C638,A,1
TRN-D2B3C2A69C243B7D,C,1
TRN-D2B4BBE37738E9C9,C,1
TRN-D2CCDE6D1F9BFD8A,C,1
TRN-D2DF6317E1A213E1,A,1
TRN-D2FD4BC5EADEFEFF,C,1
TRN-D3238C4891A71A63,C,1
TRN-D34F8CEF80431108,B,1
TRN-D3507510FE3A6BBE,A,1
TRN-D360A477B31212A9,A,1
TRN-D3903AFC0D976F20,A,1
TRN-D395ECAA98A138D0,C,1
TRN-D3A69DCE922F8A4B,C,1
TRN-D3B48992DFBE1F3E,C,1
TRN-D3EAFF2BDADCED77,C,1
TRN-D3F78C81837A48F1,A,1
TRN-D40866EECA870DF7,A,1
TRN-D412D38F359B853F,C,1
TRN-D41CC9B2746C0256,A,1
TRN-D4396F48CB4BABC9,C,1
TRN-D45472179450215F,A,1
TRN-D45EFA20598E60C2,C,1
TRN-D4601328E9E348C7,C,1
TRN-D479F9DBD4262A14,A,1
TRN-D47ED735B6A2C350,C,1
TRN-D4AE99F067D8F07E,A,1
TRN-D4E9785E67954FB5,C,1
TRN-D4F4B090126AB7C6,A,1
TRN-D50986189E944B6E,C,1
TRN-D52167C86E4EA39E,C,1
TRN-D52EB8A61D848ED6,B,1
TRN-D54C9F92884C1D91,C,1
TRN-D554436C31FA1BEB,C,1
TRN-D57BF801AD2472C4,B,1
TRN-D5839A83C51F373F,C,1
TRN-D5952D4D41B0138F,A,1
TRN-D599994BA7BF704B,B,1
TRN-D5C54EE87025F4CD,A,1
TRN-D5C92E1BBC76E41B,C,1
TRN-D5D996E7F65EB02C,C,1
TRN-D5FC1FBBDBE1D6BE,C,1
TRN-D63360BB09FCBBAA,C,1
TRN-D639E9033742C4B5,C,1
TRN-D68316F07AB7B3EF,C,1
TRN-D68BDDD8AA9D938F,B,1
TRN-D68F973063118F70,B,1
TRN-D6ABB8A6856317D9,A,1
TRN-D6C6219C8F39C548,C,1
TRN-D6E2134103BABDB2,C,1
TRN-D70C1FC1E0F6CE53,C,1
TRN-D722BCEE8CF5C039,B,1
TRN-D729EA48455D4557,B,1
TRN-D741A4E30BB5A828,C,1
TRN-D74C5B62FCB7AA91,C,1
TRN-D755867E19CF2C5E,B,1
TRN-D76AE57B96F3FCBA,C,1
TRN-D78800914638D0DB,C,1
TRN-D78F673429DFCBF0,B,1
TRN-D7D302227A8C67D5,A,1
TRN-D7D6C4DC302CB3CB,C,1
TRN-D7E47B64DC2AB657,C,1
TRN-D83CD1D8471B5F7A,C,1
TRN-D841A38E4C5C9A20,C,1
TRN-D84C72D83BBABB94,C,1
TRN-D85C81B61AFFBB39,B,1
TRN-D86947A7F7CF7A17,B,1
TRN-D875638D8C0F9B24,C,1
TRN-D878DF547A4C169F,C,1
TRN-D8871D7CBE460119,C,1
TRN-D88CBD8226AFCECF,B,1
TRN-D894188844AD58C2,C,1
TRN-D8943984BC49C3D0,C,1
TRN-D8C23CCCA0B5496E,C,1
TRN-D8DC3ECF393C52A9,C,1
TRN-D90603C30136051C,A,1
TRN-D91FAD1F2722DEC9,A,1
TRN-D925116BEA4A48AA,C,1
TRN-D92528E0FF4D7F8C,C,1
TRN-D92DFAAE47B8BB43,A,1
TRN-D966FA3E608ACC41,A,1
TRN-D9AB9254F0D72E5B,B,1
TRN-D9AF5E15A820DE45,C,1
TRN-D9D12F1A0B61840B,C,1
TRN-D9D950D6428E3391,C,1
TRN-D9F419F248D8B109,C,1
TRN-D9F5940E25AFA8E2,C,1
TRN-DA1207745D78807A,C,1
TRN-DA265D50E213A65D,C,1
TRN-DA2999F865ED53A7,C,1
TRN-DA32C0385C2FDE12,C,1
TRN-DA37333AC968DF38,A,1
TRN-DA6516CD0AECA547,A,1
TRN-DA8E16C580C1B34F,A,1
TRN-DAA849B404412EDF,C,1
TRN-DAC96C5F827DB93D,B,1
TRN-DB10BE73265ACE8B,A,1
TRN-DB233E34ACBDCBE5,B,1
TRN-DB3306517B22FC70,A,1
TRN-DB648035FB050E07,C,1
TRN-DB73559EB7C22624,C,1
TRN-DBB34031823E2AE7,B,1
TRN-DBCAF6CB18E461E1,C,1
TRN-DBD06BF9DE009F45,C,1
TRN-DBFB84646656EC83,C,1
TRN-DC051760549482EA,C,1
TRN-DC128B772041F1F8,A,1
TRN-DC19E60A123F5EAC,B,1
TRN-DC715D94B2B6C64F,C,1
TRN-DC757431D57E64C8,C,1
TRN-DC90475814E043E8,A,1
TRN-DCAF3D962D199638,C,1
TRN-DCC30C7598C4210C,C,1
TRN-DCE94747893DFAD7,C,1
TRN-DD3CC134F49288E0,C,1
TRN-DD58D305B1B1F85B,C,1
TRN-DD5FA49651CD1218,A,1
TRN-DD78856C6E8D6A5A,A,1
TRN-DD8FE7895C70C859,C,1
TRN-DDB3030BB206CF03,C,1
TRN-DDC06326C46DFDE2,C,1
TRN-DDF56B6AB26220EB,B,1
TRN-DE26D1611E75A514,C,1
TRN-DE2F064070F1E579,C,1
TRN-DECEE7082907A739,C,1
TRN-DECF8EB42319431E,B,1
TRN-DEE431459A7CF7FE,A,1
TRN-DEF0DA5DA9F98956,B,1
TRN-DF3540CA58F66E72,C,1
TRN-DFBDE139FB742695,B,1
TRN-DFBE3A48E49DD614,B,1
TRN-DFD0F10637D4F638,C,1
TRN-DFFE3FD6C6ABEF94,C,1
TRN-E01E9706D02982AC,C,1
TRN-E050D1EEDBA4F8AB,B,1
TRN-E064AC154983B6C1,C,1
TRN-E070FB480A433CC5,C,1
TRN-E07837C4082E804A,B,1
TRN-E07BA44793E5D16B,B,1
TRN-E07EB2136FDB8DF1,A,1
TRN-E07FFC1446A47717,C,1
TRN-E0A781CB7D675DFD,A,1
TRN-E0A830662A93D264,C,1
TRN-E0A8DA6204D25400,C,1
TRN-E0B977CF68D18DF0,C,1
TRN-E0C080D7584B3554,C,1
TRN-E0EA21EF2C6305F4,A,1
TRN-E0EE27C68DE1D9DC,A,1
TRN-E109061DD1715EA0,B,1
TRN-E123055F8F26D4A7,A,1
TRN-E13C858B86E6C0FA,A,1
TRN-E1433E360700FC40,A,1
TRN-E1495BC6D4551298,A,1
TRN-E14F3266B1D84755,C,1
TRN-E1660BF58FF99CD1,C,1
TRN-E1CB1F35DAC58DF8,C,1
TRN-E1CE4A5C8C2EC405,C,1
TRN-E1F5375630771831,B,1
TRN-E1F80584C8344F29,C,1
TRN-E1FBFAED245D2AEC,C,1
TRN-E217181692513D87,A,1
TRN-E21FCA9BE36D77C3,B,1
TRN-E229B85197239A7F,C,1
TRN-E23DAC64A1042EFB,A,1
TRN-E25F8B4FD0993CA1,B,1
TRN-E26FE7013E5DEDD0,A,1
TRN-E28B1DB4143F53B8,B,1
TRN-E28E464805FA7C88,C,1
TRN-E2D5488BB070D1EC,C,1
TRN-E2F8B577371942D6,C,1
TRN-E308DEACE261C6B4,A,1
TRN-E3234C251BAB9648,A,1
TRN-E33CEE4C9B5D03E8,B,1
TRN-E362ADEA962086FC,A,1
TRN-E36D57FBA03CF276,C,1
TRN-E379325C4C05699B,C,1
TRN-E38D071A166003CF,B,1
TRN-E39FA775FD76346D,A,1
TRN-E3AE07090DE999F8,B,1
TRN-E3B9D34723555DF0,B,1
TRN-E3C979505FB7F6F3,A,1
TRN-E3E62973CC004D4F,B,1
TRN-E3ECAA718D008292,C,1
TRN-E401D5C40515CE91,B,1
TRN-E40B9B76823144C2,C,1
TRN-E419EE3C8FF5F200,B,1
TRN-E429394BE8D4764C,C,1
TRN-E434B7AA14909610,C,1
TRN-E43B8C4B702661A2,C,1
TRN-E43FDFF8413CFA9F,B,1
TRN-E47969678BA49ABD,B,1
TRN-E4846E560423ED15,C,1
TRN-E491890534486ED4,B,1
TRN-E49C4CCA565C44B6,B,1
TRN-E49FB8CB2D0B6FAA,B,1
TRN-E4ABB76BA5070033,C,1
TRN-E4B7780D9182DFDB,C,1
TRN-E4C6B1795B6FF1CE,C,1
TRN-E4CB5B9E9FD768B2,A,1
TRN-E4DCD1BF06EC0F1C,A,1
TRN-E4FBF3DCEABA412B,C,1
TRN-E503524B98FC59BD,A,1
TRN-E52FBEA5BB12A544,A,1
TRN-E537689D73752319,A,1
TRN-E54CDFA8C0B8F2CE,A,1
TRN-E55D62B72B4A38C1,C,1
TRN-E59EBE7E3FF1AC16,B,1
TRN-E5A0A44AE9221CDB,B,1
TRN-E5A72DE11656072B,B,1
TRN-E5A7C0ED8C61430A,C,1
TRN-E5BBCAED2FD5E445,C,1
TRN-E5C936CD231F4F40,C,1
TRN-E5CC73B5D9F99524,C,1
TRN-E5F43B9F417FBEBC,C,1
TRN-E5FCB70AF60EDE17,B,1
TRN-E616CF50180BE78E,C,1
TRN-E6178F7E3969DDAF,C,1
TRN-E61D965DE432E9FA,C,1
TRN-E63E3D4AAE50CA51,A,1
TRN-E656BFA995D10497,A,1
TRN-E660095F800BDECA,C,1
TRN-E6915EE6318661AB,A,1
TRN-E69AACA3F0DD35CC,B,1
TRN-E6A538656EB573E8,C,1
TRN-E6A612FAAC763974,A,1
TRN-E6BDBD4A03C75C4A,C,1
TRN-E6BFF85D92BC2490,C,1
TRN-E6E795F36D1B07F1,B,1
TRN-E6FAFBD7EFF7D1F7,B,1
TRN-E6FD856D1EFDD736,B,1
TRN-E6FF93F69ECD46AC,C,1
TRN-E709BEB7F9BE0AEC,B,1
TRN-E72CD865D680AEEF,C,1
TRN-E73A220D86F3DFC2,B,1
TRN-E74A0609F493B491,C,1
TRN-E75DC2DEC8F531F6,B,1
TRN-E7686A9C760FB355,C,1
TRN-E768B6270E615F91,A,1
TRN-E77437683DA3B1BF,C,1
TRN-E7807BED1BEC596D,A,1
TRN-E7A656D65427FCFF,C,1
TRN-E7A7EBF2D8F14850,C,1
TRN-E7B9820C038939B6,B,1
TRN-E7D8348220874151,B,1
TRN-E7F123980988C073,C,1
TRN-E8510667FF28C4D2,C,1
TRN-E85CDC7F43AB9F27,C,1
TRN-E85E4849EA2AB779,C,1
TRN-E8828B6779F7FA7F,A,1
TRN-E8AA9A5CBF2D6CD4,C,1
TRN-E8AE01AFD1529168,C,1
TRN-E8C74442EAA8D5FC,C,1
TRN-E8F0D97392A3B376,C,1
TRN-E93B14AD6733E481,C,1
TRN-E967AD35540F3E13,C,1
TRN-E979ACC89206B6DA,C,1
TRN-E98A69B77651AE72,B,1
TRN-E9C44A2DA7157236,C,1
TRN-E9D34BD808A40193,C,1
TRN-E9FBED7587447CE0,C,1
TRN-EA0D3C28E60D1046,C,1
TRN-EA34F93B9B6A1A5B,A,1
TRN-EA599BE35B0E17F0,C,1
TRN-EA8BC2BE1F67FAAA,B,1
TRN-EA9A6E1DC1915349,C,1
TRN-EAAB45BBBA830EA3,C,1
TRN-EAB9351CB03992A3,C,1
TRN-EAD13991C16C83D6,B,1
TRN-EAEC85A136EA13FF,C,1
TRN-EB2C49D55A6F7F80,C,1
TRN-EB4B1C03DA6F859B,C,1
TRN-EB760FB4B94AE0E9,A,1
TRN-EB8936594703C2EB,C,1
TRN-EB98485F29FD6927,B,1
TRN-EBD907AE42ED9D6E,B,1
TRN-EBE19BE4F496DD09,C,1
TRN-EBEB5D559B9AA5A5,C,1
TRN-EBF10134EC253171,C,1
TRN-EBFC80E8A91F3D29,A,1
TRN-EC0C58C395DF4970,B,1
TRN-EC237C1E4A4BD55C,C,1
TRN-EC4C65F7357AAD83,A,1
TRN-EC5D5E777C8F8A84,C,1
TRN-EC75C78A74D89866,C,1
TRN-ECC42A1BD6308758,C,1
TRN-ECC5A80646398CDA,C,1
TRN-ECE98CDEAE12A8D7,B,1
TRN-ECFE613E82A3B3AD,C,1
TRN-ED0F0EF02A7516F1,C,1
TRN-ED545CD8ED5A9BB3,A,1
TRN-ED56AF0CB307D905,C,1
TRN-ED57DEB00D329DBD,C,1
TRN-ED65646BD1B34BF2,C,1
TRN-ED776249A679A325,A,1
TRN-EDA7F0C70113FB86,C,1
TRN-EDAA8916102819E3,A,1
TRN-EDACB2C20270D69E,A,1
TRN-EDB2EACCA2928C90,C,1
TRN-EDB3B8A409B4336E,A,1
TRN-EDB9F6D41A2C7941,C,1
TRN-EDBAC4AA76614E6E,C,1
TRN-EDD5E80B137FFA84,C,1
TRN-EDD70B0F27246A86,C,1
TRN-EDD8FD5DD4191801,A,1
TRN-EE23D884F258BA2C,C,1
TRN-EE2E0B9F711C0F9C,C,1
TRN-EE38D73BE6B3C35C,A,1
TRN-EE4F3C8253205156,A,1
TRN-EE5E19CFB9DB96D1,A,1
TRN-EE61D47B7CA4CA4D,A,1
TRN-EE649843EDB1F4FD,B,1
TRN-EE714E6360FA87B0,C,1
TRN-EE8ED7AB3E97854B,C,1
TRN-EE925236863045B4,C,1
TRN-EEA55BC5790C36F2,A,1
TRN-EEF9B14ADBA76D53,C,1
TRN-EF09E751F64FBA23,C,1
TRN-EF27FB7CE65C7B56,B,1
TRN-EF665A6C834CF0B6,C,1
TRN-EF69F8DC8431D3B5,C,1
TRN-EF7FA47732E4AFBD,B,1
TRN-EF96CE7CA8F17059,B,1
TRN-EF9F937BC86230AD,A,1
TRN-EFB401CA92608636,C,1
TRN-EFB731837AE10FDE,A,1
TRN-EFC20B0CE9EB733F,C,1
TRN-EFC75F1B54D27CAC,B,1
TRN-EFC7A0108BDBED58,B,1
TRN-EFD47EC93E695E25,C,1
TRN-EFE7A5CE0260DEE9,B,1
TRN-EFF797EAF7CE3467,A,1
TRN-F02C13243D7B83AF,A,1
TRN-F0301D0FF91B2A50,C,1
TRN-F06868FCABC16C0C,C,1
TRN-F073FC7494475A37,C,1
TRN-F07C837CED801DF3,A,1
TRN-F07F92F2ADACECE2,C,1
TRN-F09C23158967A530,C,1
TRN-F109502F0578DE6C,B,1
TRN-F12BBF24209C7A38,C,1
TRN-F1373CBE330D6EFD,B,1
TRN-F1441D0491DC7E05,A,1
TRN-F15617BF40FA6D60,C,1
TRN-F1571EECE72CA16A,C,1
TRN-F15E964B1EFFAD25,A,1
TRN-F175580D0805ECBA,A,1
TRN-F17D57162C43CA3A,C,1
TRN-F1A4465863E30080,C,1
TRN-F1B644A283C4812C,C,1
TRN-F1D01CC188925C83,C,1
TRN-F1DAFD52BC404190,C,1
TRN-F1F86DA2F4561C7F,B,1
TRN-F1FA9640E40654B2,C,1
TRN-F1FD519947E3FA33,C,1
TRN-F21368E6FCFAE06A,B,1
TRN-F2143BA48BF9A25F,C,1
TRN-F22B6A9F4CC37DDE,C,1
TRN-F27ED0E33BA97E9D,C,1
TRN-F2CCCDB41DE51F7F,C,1
TRN-F2CDF234C2D7AAA3,C,1
TRN-F2DA9D88FFCBF01A,C,1
TRN-F2DC05D095DF8C62,C,1
TRN-F2F799DA5795BC49,A,1
TRN-F3023ABBF26DF7E5,B,1
TRN-F337A8053D244B4B,C,1
TRN-F353EE8AEFC8699F,C,1
TRN-F37A3808745C80CD,C,1
TRN-F37EBDBE20231EAE,C,1
TRN-F388075B62710901,A,1
TRN-F392CCBE0F057D03,A,1
TRN-F392D7074CADD8BA,C,1
TRN-F3ACCED737B0B42C,A,1
TRN-F3E0EDAF08075664,C,1
TRN-F3F2C88E9FA6FCA0,C,1
TRN-F3FAE49C8D46F1B4,B,1
TRN-F42471CD3F5E176D,C,1
TRN-F43591A27610AE57,C,1
TRN-F449318A8B257EBF,B,1
TRN-F45D8B5C0FA781BC,C,1
TRN-F4632E35F18FB9F8,C,1
TRN-F47F3957251669E2,C,1
TRN-F48DDC9DA0E094B5,C,1
TRN-F4A644402A01B633,B,1
TRN-F4A942D7F8BC5EDA,A,1
TRN-F4DF3807353D9A93,A,1
TRN-F4F634C7DEF50AB8,C,1
TRN-F50C3B2788432DB9,C,1
TRN-F50F2E0302E6578C,B,1
TRN-F518DB224538EF83,A,1
TRN-F52B72FDB1FAD2EF,B,1
TRN-F5305F7C52C7EF3A,A,1
TRN-F531AAA6776EC3BA,B,1
TRN-F5381F5C1BD91418,A,1
TRN-F55543FE2629C7AA,A,1
TRN-F555A76BAC718E45,C,1
TRN-F588A8200C762A7D,A,1
TRN-F5965ABD9D7A135F,C,1
TRN-F597C5449385DE85,C,1
TRN-F5A561F82FBC33DB,A,1
TRN-F5DC8AB11AA6CA83,C,1
TRN-F5DCD344F1E85BEC,C,1
TRN-F5DCF1D435D98717,C,1
TRN-F5F4F8806228F3BC,A,1
TRN-F6083703318AC62F,C,1
TRN-F63C2CD8FF21B2C7,C,1
TRN-F66C97C65530B806,B,1
TRN-F6C08C6A4A48876A,A,1
TRN-F6D398F5C7669A35,C,1
TRN-F6D7A0BE9E1BA83A,C,1
TRN-F6DEFB0973D36C40,A,1
TRN-F6E37D199AC5B9A3,C,1
TRN-F71B53157A76815A,B,1
TRN-F71DF3009848C94D,B,1
TRN-F72BD487A1475650,C,1
TRN-F72DBDA5B55962B4,A,1
TRN-F730F88BA55B4747,A,1
TRN-F7439C101B4C6EB4,C,1
TRN-F7617521C0546C01,C,1
TRN-F76973E2146F00EA,A,1
TRN-F778BA2DEE20703D,A,1
TRN-F79A6CDB8E1AC08F,C,1
TRN-F79BDE6F00D91DED,C,1
TRN-F79DD1DFBFF790E4,C,1
TRN-F7A5331816DB75A0,A,1
TRN-F7B6F4CB50EABD2C,C,1
TRN-F7BFA312FA65E0E5,C,1
TRN-F7D0FAAC0E87E81F,C,1
TRN-F7D7FB6B9A0F0F29,C,1
TRN-F7D8AFC7387227DE,B,1
TRN-F7F8F2E25E1D5D14,A,1
TRN-F805B170CEF6EF4D,C,1
TRN-F80F97C5FCB8BDA4,C,1
TRN-F8146E23CE0C0DBE,B,1
TRN-F81F606A19F223A5,C,1
TRN-F81F6186A0888CA4,C,1
TRN-F82E5B0F94EC6EE3,C,1
TRN-F82EE47A629B64ED,A,1
TRN-F84DF0F83A1CF79C,C,1
TRN-F86940FE58677FD6,A,1
TRN-F897B8F9312E8500,C,1
TRN-F8B02CD09219C391,B,1
TRN-F8B4302DA3947DE8,B,1
TRN-F8B802A4CEFE777F,C,1
TRN-F8CFA4FA9A231F83,C,1
TRN-F900F3F35268D70A,A,1
TRN-F91A2EB032182A64,A,1
TRN-F926956699868B79,A,1
TRN-F961B4B7CB1EC760,A,1
TRN-F96D39D86529D361,C,1
TRN-F97C97FA7153932B,C,1
TRN-F98FFA237ACF0DB4,B,1
TRN-F997660794CEF6C4,C,1
TRN-F9AE5DBF710FC2B2,C,1
TRN-F9C46625EE973CF8,C,1
TRN-F9CFE81799DE71CB,C,1
TRN-F9F715F67A68E532,C,1
TRN-FA0C5F817C83AC3B,C,1
TRN-FA18F7E067038225,A,1
TRN-FA6B55433987F390,B,1
TRN-FA862799FC864B55,C,1
TRN-FA8D3C659766CD0A,C,1
TRN-FA9891AEF78AFFC6,A,1
TRN-FAB7B08CE62CB161,C,1
TRN-FADA856E233F939F,C,1
TRN-FAE143EA2D169985,A,1
TRN-FB24A585E9013386,C,1
TRN-FB275022E0CC75E2,A,1
TRN-FB55116F4C299D95,C,1
TRN-FB581D01481D4EF2,C,1
TRN-FB609770694B89A6,C,1
TRN-FB8950E98373222A,C,1
TRN-FBBE796FB03F7BA8,C,1
TRN-FBC3DB0C17042B23,A,1
TRN-FBDE6680F36D4F08,C,1
TRN-FC329691338307F6,C,1
TRN-FC3582F7D8C595DA,B,1
TRN-FC39B61A3667B65B,B,1
TRN-FC63FB7AC5280D5D,C,1
TRN-FC77B590F3306CC6,C,1
TRN-FC7A93927885F99D,C,1
TRN-FCA196788C11EAC7,C,1
TRN-FCAE87006B64CBF5,B,1
TRN-FCB5155CFBD40F52,C,1
TRN-FCD8128394E03B8B,B,1
TRN-FCD959C8FAAC7415,C,1
TRN-FCDB9FB5F136AE0D,C,1
TRN-FCDC8B50ABFE690D,C,1
TRN-FD2A9D7375AE203F,B,1
TRN-FD3730CE8163B290,C,1
TRN-FD3DEA46CBFEE8C4,C,1
TRN-FD87E40422099885,C,1
TRN-FD94FDAAF4B1C893,C,1
TRN-FD9850C39AB4017E,A,1
TRN-FD9A2FC9BBEED5DC,C,1
TRN-FDAECE2A234A3EFC,B,1
TRN-FDC6A3D9DF8A8A47,C,1
TRN-FDC7F34F200E100E,C,1
TRN-FDCD042979AF6E13,C,1
TRN-FDFF918A255F03A1,A,1
TRN-FE25E2D8E48B7125,A,1
TRN-FE3EABEE8C3A538A,C,1
TRN-FE4FDABB89698E9F,C,1
TRN-FE513DE42D285CED,C,1
TRN-FEA65789A6E1349D,B,1
TRN-FEB42201C84D7914,A,1
TRN-FEB716C229CC1C0D,C,1
TRN-FEBB480E052D6982,A,1
TRN-FEF86EDC3BFC696B,C,1
TRN-FF160CE291A8AC2F,C,1
TRN-FF1DE358FE4ECFB1,C,1
TRN-FF24E8512D862D30,C,1
TRN-FF35CAD87E1D655C,C,1
TRN-FF8D82BE171567E2,A,1
TRN-FFA8D747DD6AC03A,C,1
TRN-FFBD1FB01525CB4D,B,1
TRN-FFEDF482C8445057,A,1
